model_kind,bit_width,granularity,selected_groups,profile_id,expert_mask,data_label,loss,source_run_id,checkpoint_step,checkpoint_sha256,git_commit,provenance
gram,8,per_channel,core_mlp;aux_modules;attention;embeddings,leave_out__bygone-eras,1;1;1;0;1,bygone-eras,1.6757234334945679,20260718174851965051,16048,a83eeac3ae77c09a166e363c7b475dd1ef4a1765662acc5440260313f637429d,255d4808fcb2adbcab5c035082fac266e8ee2729,evaluated
gram,4,per_channel,core_mlp,leave_out__a-deadline-or-time-limit,1;0;1;1;1,a-deadline-or-time-limit,1.865508794784546,20260718174851965051,16048,a83eeac3ae77c09a166e363c7b475dd1ef4a1765662acc5440260313f637429d,255d4808fcb2adbcab5c035082fac266e8ee2729,evaluated
gram,4,per_channel,core_mlp;aux_modules;attention;embeddings,leave_out__a-deadline-or-time-limit,1;0;1;1;1,alien-encounters,1.6996601819992065,20260718174851965051,16048,a83eeac3ae77c09a166e363c7b475dd1ef4a1765662acc5440260313f637429d,255d4808fcb2adbcab5c035082fac266e8ee2729,evaluated
gram,8,per_channel,attention,all_on,1;1;1;1;1,cultural-traditions,1.7048139572143555,20260718174851965051,16048,a83eeac3ae77c09a166e363c7b475dd1ef4a1765662acc5440260313f637429d,255d4808fcb2adbcab5c035082fac266e8ee2729,evaluated
gram,4,per_tensor,core_mlp;aux_modules;attention;embeddings,leave_out__a-deadline-or-time-limit,1;0;1;1;1,core,4.538784980773926,20260718174851965051,16048,a83eeac3ae77c09a166e363c7b475dd1ef4a1765662acc5440260313f637429d,1d8a749f8cb5ca7367d3197e0d1bc276d7a0a817,evaluated
gram,4,per_channel,attention,leave_out__a-deadline-or-time-limit,1;0;1;1;1,alien-encounters,1.6211044788360596,20260718174851965051,16048,a83eeac3ae77c09a166e363c7b475dd1ef4a1765662acc5440260313f637429d,255d4808fcb2adbcab5c035082fac266e8ee2729,evaluated
gram,6,per_channel,core_mlp,leave_out__a-deadline-or-time-limit,1;0;1;1;1,alien-encounters,1.6108887195587158,20260718174851965051,16048,a83eeac3ae77c09a166e363c7b475dd1ef4a1765662acc5440260313f637429d,255d4808fcb2adbcab5c035082fac266e8ee2729,evaluated
gram,6,per_channel,core_mlp,all_on,1;1;1;1;1,alien-encounters,1.6126787662506104,20260718174851965051,16048,a83eeac3ae77c09a166e363c7b475dd1ef4a1765662acc5440260313f637429d,255d4808fcb2adbcab5c035082fac266e8ee2729,evaluated
gram,8,per_channel,aux_modules,leave_out__a-deadline-or-time-limit,1;0;1;1;1,cultural-traditions,1.7036471366882324,20260718174851965051,16048,a83eeac3ae77c09a166e363c7b475dd1ef4a1765662acc5440260313f637429d,255d4808fcb2adbcab5c035082fac266e8ee2729,evaluated
gram,8,per_channel,embeddings,all_on,1;1;1;1;1,bygone-eras,1.6713207960128784,20260718174851965051,16048,a83eeac3ae77c09a166e363c7b475dd1ef4a1765662acc5440260313f637429d,255d4808fcb2adbcab5c035082fac266e8ee2729,evaluated
gram,6,per_channel,core_mlp,leave_out__a-deadline-or-time-limit,1;0;1;1;1,a-deadline-or-time-limit,1.839574933052063,20260718174851965051,16048,a83eeac3ae77c09a166e363c7b475dd1ef4a1765662acc5440260313f637429d,255d4808fcb2adbcab5c035082fac266e8ee2729,evaluated
gram,4,per_channel,core_mlp;aux_modules;attention;embeddings,leave_out__alien-encounters,1;1;0;1;1,cultural-traditions,1.7940540313720703,20260718174851965051,16048,a83eeac3ae77c09a166e363c7b475dd1ef4a1765662acc5440260313f637429d,255d4808fcb2adbcab5c035082fac266e8ee2729,evaluated
gram,6,per_channel,core_mlp;aux_modules;attention;embeddings,all_on,1;1;1;1;1,bygone-eras,1.6742268800735474,20260718174851965051,16048,a83eeac3ae77c09a166e363c7b475dd1ef4a1765662acc5440260313f637429d,255d4808fcb2adbcab5c035082fac266e8ee2729,evaluated
gram,4,per_channel,embeddings,all_on,1;1;1;1;1,core,1.691314935684204,20260718174851965051,16048,a83eeac3ae77c09a166e363c7b475dd1ef4a1765662acc5440260313f637429d,255d4808fcb2adbcab5c035082fac266e8ee2729,evaluated
gram,6,per_channel,embeddings,leave_out__a-deadline-or-time-limit,1;0;1;1;1,a-deadline-or-time-limit,1.8392494916915894,20260718174851965051,16048,a83eeac3ae77c09a166e363c7b475dd1ef4a1765662acc5440260313f637429d,255d4808fcb2adbcab5c035082fac266e8ee2729,evaluated
gram,8,per_tensor,core_mlp;aux_modules;attention;embeddings,leave_out__a-deadline-or-time-limit,1;0;1;1;1,a-deadline-or-time-limit,1.8403717279434204,20260718174851965051,16048,a83eeac3ae77c09a166e363c7b475dd1ef4a1765662acc5440260313f637429d,1d8a749f8cb5ca7367d3197e0d1bc276d7a0a817,evaluated
filtered,8,per_channel,core_mlp;attention;embeddings,dense,,bygone-eras,1.6547530889511108,20260719070035561998,16219,501b12683bf307e67e956efd87c905cc3c49b339dca76a49e4dc598a005e0c44,1d8a749f8cb5ca7367d3197e0d1bc276d7a0a817,evaluated
gram,6,per_tensor,core_mlp;aux_modules;attention;embeddings,leave_out__a-deadline-or-time-limit,1;0;1;1;1,core,1.687320590019226,20260718174851965051,16048,a83eeac3ae77c09a166e363c7b475dd1ef4a1765662acc5440260313f637429d,1d8a749f8cb5ca7367d3197e0d1bc276d7a0a817,evaluated
gram,6,per_channel,aux_modules,leave_out__a-deadline-or-time-limit,1;0;1;1;1,alien-encounters,1.6098768711090088,20260718174851965051,16048,a83eeac3ae77c09a166e363c7b475dd1ef4a1765662acc5440260313f637429d,255d4808fcb2adbcab5c035082fac266e8ee2729,evaluated
gram,6,per_channel,aux_modules,all_on,1;1;1;1;1,bygone-eras,1.6712658405303955,20260718174851965051,16048,a83eeac3ae77c09a166e363c7b475dd1ef4a1765662acc5440260313f637429d,255d4808fcb2adbcab5c035082fac266e8ee2729,evaluated
gram,4,per_channel,attention,all_on,1;1;1;1;1,alien-encounters,1.6232799291610718,20260718174851965051,16048,a83eeac3ae77c09a166e363c7b475dd1ef4a1765662acc5440260313f637429d,255d4808fcb2adbcab5c035082fac266e8ee2729,evaluated
gram,4,per_channel,aux_modules,all_on,1;1;1;1;1,core,1.6509543657302856,20260718174851965051,16048,a83eeac3ae77c09a166e363c7b475dd1ef4a1765662acc5440260313f637429d,255d4808fcb2adbcab5c035082fac266e8ee2729,evaluated
gram,8,per_channel,core_mlp,leave_out__a-deadline-or-time-limit,1;0;1;1;1,core,1.64741051197052,20260718174851965051,16048,a83eeac3ae77c09a166e363c7b475dd1ef4a1765662acc5440260313f637429d,255d4808fcb2adbcab5c035082fac266e8ee2729,evaluated
gram,4,per_channel,core_mlp;aux_modules;attention;embeddings,leave_out__a-deadline-or-time-limit,1;0;1;1;1,bygone-eras,1.7591617107391357,20260718174851965051,16048,a83eeac3ae77c09a166e363c7b475dd1ef4a1765662acc5440260313f637429d,255d4808fcb2adbcab5c035082fac266e8ee2729,evaluated
gram,8,per_channel,core_mlp;aux_modules;attention;embeddings,leave_out__alien-encounters,1;1;0;1;1,cultural-traditions,1.7033718824386597,20260718174851965051,16048,a83eeac3ae77c09a166e363c7b475dd1ef4a1765662acc5440260313f637429d,255d4808fcb2adbcab5c035082fac266e8ee2729,evaluated
gram,6,per_channel,core_mlp;aux_modules;attention;embeddings,all_on,1;1;1;1;1,core,1.6536414623260498,20260718174851965051,16048,a83eeac3ae77c09a166e363c7b475dd1ef4a1765662acc5440260313f637429d,255d4808fcb2adbcab5c035082fac266e8ee2729,evaluated
filtered,6,per_channel,core_mlp;attention;embeddings,dense,,core,1.6354502439498901,20260719070035561998,16219,501b12683bf307e67e956efd87c905cc3c49b339dca76a49e4dc598a005e0c44,1d8a749f8cb5ca7367d3197e0d1bc276d7a0a817,evaluated
gram,4,per_channel,aux_modules,all_on,1;1;1;1;1,cultural-traditions,1.7049673795700073,20260718174851965051,16048,a83eeac3ae77c09a166e363c7b475dd1ef4a1765662acc5440260313f637429d,255d4808fcb2adbcab5c035082fac266e8ee2729,evaluated
gram,6,per_channel,embeddings,all_on,1;1;1;1;1,a-deadline-or-time-limit,1.725128173828125,20260718174851965051,16048,a83eeac3ae77c09a166e363c7b475dd1ef4a1765662acc5440260313f637429d,255d4808fcb2adbcab5c035082fac266e8ee2729,evaluated
gram,6,per_channel,core_mlp;aux_modules;attention;embeddings,leave_out__alien-encounters,1;1;0;1;1,cultural-traditions,1.7061903476715088,20260718174851965051,16048,a83eeac3ae77c09a166e363c7b475dd1ef4a1765662acc5440260313f637429d,255d4808fcb2adbcab5c035082fac266e8ee2729,evaluated
gram,6,per_channel,core_mlp,all_on,1;1;1;1;1,bygone-eras,1.6724051237106323,20260718174851965051,16048,a83eeac3ae77c09a166e363c7b475dd1ef4a1765662acc5440260313f637429d,255d4808fcb2adbcab5c035082fac266e8ee2729,evaluated
gram,4,per_tensor,core_mlp;aux_modules;attention;embeddings,leave_out__a-deadline-or-time-limit,1;0;1;1;1,alien-encounters,4.501693248748779,20260718174851965051,16048,a83eeac3ae77c09a166e363c7b475dd1ef4a1765662acc5440260313f637429d,1d8a749f8cb5ca7367d3197e0d1bc276d7a0a817,evaluated
gram,4,per_channel,attention,leave_out__a-deadline-or-time-limit,1;0;1;1;1,bygone-eras,1.6806936264038086,20260718174851965051,16048,a83eeac3ae77c09a166e363c7b475dd1ef4a1765662acc5440260313f637429d,255d4808fcb2adbcab5c035082fac266e8ee2729,evaluated
gram,6,per_channel,attention,all_on,1;1;1;1;1,bygone-eras,1.6719326972961426,20260718174851965051,16048,a83eeac3ae77c09a166e363c7b475dd1ef4a1765662acc5440260313f637429d,255d4808fcb2adbcab5c035082fac266e8ee2729,evaluated
filtered,6,per_channel,core_mlp;attention;embeddings,dense,,a-deadline-or-time-limit,1.816859245300293,20260719070035561998,16219,501b12683bf307e67e956efd87c905cc3c49b339dca76a49e4dc598a005e0c44,1d8a749f8cb5ca7367d3197e0d1bc276d7a0a817,evaluated
gram,6,per_channel,attention,leave_out__a-deadline-or-time-limit,1;0;1;1;1,a-deadline-or-time-limit,1.8386926651000977,20260718174851965051,16048,a83eeac3ae77c09a166e363c7b475dd1ef4a1765662acc5440260313f637429d,255d4808fcb2adbcab5c035082fac266e8ee2729,evaluated
gram,8,per_channel,core_mlp;aux_modules;attention;embeddings,leave_out__a-deadline-or-time-limit,1;0;1;1;1,alien-encounters,1.6100759506225586,20260718174851965051,16048,a83eeac3ae77c09a166e363c7b475dd1ef4a1765662acc5440260313f637429d,255d4808fcb2adbcab5c035082fac266e8ee2729,evaluated
gram,8,per_channel,core_mlp;aux_modules;attention;embeddings,leave_out__cultural-traditions,1;1;1;1;0,a-deadline-or-time-limit,1.7242075204849243,20260718174851965051,16048,a83eeac3ae77c09a166e363c7b475dd1ef4a1765662acc5440260313f637429d,255d4808fcb2adbcab5c035082fac266e8ee2729,evaluated
gram,8,per_channel,core_mlp;aux_modules;attention;embeddings,leave_out__a-deadline-or-time-limit,1;0;1;1;1,bygone-eras,1.6689058542251587,20260718174851965051,16048,a83eeac3ae77c09a166e363c7b475dd1ef4a1765662acc5440260313f637429d,255d4808fcb2adbcab5c035082fac266e8ee2729,evaluated
gram,8,per_channel,core_mlp,leave_out__a-deadline-or-time-limit,1;0;1;1;1,bygone-eras,1.668756127357483,20260718174851965051,16048,a83eeac3ae77c09a166e363c7b475dd1ef4a1765662acc5440260313f637429d,255d4808fcb2adbcab5c035082fac266e8ee2729,evaluated
gram,,fp32,,leave_out__bygone-eras,1;1;1;0;1,a-deadline-or-time-limit,1.7237907648086548,20260718174851965051,16048,a83eeac3ae77c09a166e363c7b475dd1ef4a1765662acc5440260313f637429d,255d4808fcb2adbcab5c035082fac266e8ee2729,phase2_reuse
baseline,4,per_channel,core_mlp;attention;embeddings,dense,,core,1.7189948558807373,20260719012010132266,16571,7a64a49450867b7ce6d8497452ac2de908fe1521c3f2d55c9b13b1707182c037,255d4808fcb2adbcab5c035082fac266e8ee2729,evaluated
gram,,fp32,,leave_out__cultural-traditions,1;1;1;1;0,bygone-eras,1.6708792448043823,20260718174851965051,16048,a83eeac3ae77c09a166e363c7b475dd1ef4a1765662acc5440260313f637429d,255d4808fcb2adbcab5c035082fac266e8ee2729,phase2_reuse
filtered,,fp32,,dense,,cultural-traditions,1.6922847032546997,20260719070035561998,16219,501b12683bf307e67e956efd87c905cc3c49b339dca76a49e4dc598a005e0c44,1d8a749f8cb5ca7367d3197e0d1bc276d7a0a817,phase2_reuse
filtered,4,per_channel,core_mlp;attention;embeddings,dense,,cultural-traditions,1.78456711769104,20260719070035561998,16219,501b12683bf307e67e956efd87c905cc3c49b339dca76a49e4dc598a005e0c44,1d8a749f8cb5ca7367d3197e0d1bc276d7a0a817,evaluated
gram,4,per_channel,core_mlp;aux_modules;attention;embeddings,leave_out__alien-encounters,1;1;0;1;1,alien-encounters,1.7944194078445435,20260718174851965051,16048,a83eeac3ae77c09a166e363c7b475dd1ef4a1765662acc5440260313f637429d,255d4808fcb2adbcab5c035082fac266e8ee2729,evaluated
gram,8,per_channel,core_mlp;aux_modules;attention;embeddings,all_on,1;1;1;1;1,bygone-eras,1.6714402437210083,20260718174851965051,16048,a83eeac3ae77c09a166e363c7b475dd1ef4a1765662acc5440260313f637429d,255d4808fcb2adbcab5c035082fac266e8ee2729,evaluated
gram,6,per_channel,core_mlp;aux_modules;attention;embeddings,leave_out__cultural-traditions,1;1;1;1;0,core,1.6510790586471558,20260718174851965051,16048,a83eeac3ae77c09a166e363c7b475dd1ef4a1765662acc5440260313f637429d,255d4808fcb2adbcab5c035082fac266e8ee2729,evaluated
gram,4,per_channel,aux_modules,leave_out__a-deadline-or-time-limit,1;0;1;1;1,a-deadline-or-time-limit,1.8382247686386108,20260718174851965051,16048,a83eeac3ae77c09a166e363c7b475dd1ef4a1765662acc5440260313f637429d,255d4808fcb2adbcab5c035082fac266e8ee2729,evaluated
gram,6,per_channel,core_mlp;aux_modules;attention;embeddings,leave_out__alien-encounters,1;1;0;1;1,core,1.6512696743011475,20260718174851965051,16048,a83eeac3ae77c09a166e363c7b475dd1ef4a1765662acc5440260313f637429d,255d4808fcb2adbcab5c035082fac266e8ee2729,evaluated
gram,8,per_channel,embeddings,all_on,1;1;1;1;1,cultural-traditions,1.7048629522323608,20260718174851965051,16048,a83eeac3ae77c09a166e363c7b475dd1ef4a1765662acc5440260313f637429d,255d4808fcb2adbcab5c035082fac266e8ee2729,evaluated
gram,6,per_channel,attention,all_on,1;1;1;1;1,a-deadline-or-time-limit,1.724653720855713,20260718174851965051,16048,a83eeac3ae77c09a166e363c7b475dd1ef4a1765662acc5440260313f637429d,255d4808fcb2adbcab5c035082fac266e8ee2729,evaluated
gram,4,per_channel,attention,all_on,1;1;1;1;1,bygone-eras,1.6836113929748535,20260718174851965051,16048,a83eeac3ae77c09a166e363c7b475dd1ef4a1765662acc5440260313f637429d,255d4808fcb2adbcab5c035082fac266e8ee2729,evaluated
gram,6,per_channel,aux_modules,all_on,1;1;1;1;1,a-deadline-or-time-limit,1.7241116762161255,20260718174851965051,16048,a83eeac3ae77c09a166e363c7b475dd1ef4a1765662acc5440260313f637429d,255d4808fcb2adbcab5c035082fac266e8ee2729,evaluated
gram,8,per_channel,attention,leave_out__a-deadline-or-time-limit,1;0;1;1;1,alien-encounters,1.6099414825439453,20260718174851965051,16048,a83eeac3ae77c09a166e363c7b475dd1ef4a1765662acc5440260313f637429d,255d4808fcb2adbcab5c035082fac266e8ee2729,evaluated
gram,4,per_channel,embeddings,leave_out__a-deadline-or-time-limit,1;0;1;1;1,alien-encounters,1.652998447418213,20260718174851965051,16048,a83eeac3ae77c09a166e363c7b475dd1ef4a1765662acc5440260313f637429d,255d4808fcb2adbcab5c035082fac266e8ee2729,evaluated
gram,8,per_channel,core_mlp;aux_modules;attention;embeddings,leave_out__bygone-eras,1;1;1;0;1,a-deadline-or-time-limit,1.724116325378418,20260718174851965051,16048,a83eeac3ae77c09a166e363c7b475dd1ef4a1765662acc5440260313f637429d,255d4808fcb2adbcab5c035082fac266e8ee2729,evaluated
gram,6,per_channel,core_mlp;aux_modules;attention;embeddings,leave_out__a-deadline-or-time-limit,1;0;1;1;1,bygone-eras,1.6716262102127075,20260718174851965051,16048,a83eeac3ae77c09a166e363c7b475dd1ef4a1765662acc5440260313f637429d,255d4808fcb2adbcab5c035082fac266e8ee2729,evaluated
gram,6,per_channel,embeddings,leave_out__a-deadline-or-time-limit,1;0;1;1;1,alien-encounters,1.6111353635787964,20260718174851965051,16048,a83eeac3ae77c09a166e363c7b475dd1ef4a1765662acc5440260313f637429d,255d4808fcb2adbcab5c035082fac266e8ee2729,evaluated
filtered,,fp32,,dense,,a-deadline-or-time-limit,1.813382863998413,20260719070035561998,16219,501b12683bf307e67e956efd87c905cc3c49b339dca76a49e4dc598a005e0c44,1d8a749f8cb5ca7367d3197e0d1bc276d7a0a817,phase2_reuse
gram,8,per_channel,core_mlp;aux_modules;attention;embeddings,leave_out__cultural-traditions,1;1;1;1;0,alien-encounters,1.6104756593704224,20260718174851965051,16048,a83eeac3ae77c09a166e363c7b475dd1ef4a1765662acc5440260313f637429d,255d4808fcb2adbcab5c035082fac266e8ee2729,evaluated
gram,6,per_channel,attention,all_on,1;1;1;1;1,cultural-traditions,1.705289363861084,20260718174851965051,16048,a83eeac3ae77c09a166e363c7b475dd1ef4a1765662acc5440260313f637429d,255d4808fcb2adbcab5c035082fac266e8ee2729,evaluated
gram,4,per_channel,embeddings,all_on,1;1;1;1;1,alien-encounters,1.6544736623764038,20260718174851965051,16048,a83eeac3ae77c09a166e363c7b475dd1ef4a1765662acc5440260313f637429d,255d4808fcb2adbcab5c035082fac266e8ee2729,evaluated
gram,8,per_channel,core_mlp;aux_modules;attention;embeddings,leave_out__a-deadline-or-time-limit,1;0;1;1;1,a-deadline-or-time-limit,1.838618516921997,20260718174851965051,16048,a83eeac3ae77c09a166e363c7b475dd1ef4a1765662acc5440260313f637429d,255d4808fcb2adbcab5c035082fac266e8ee2729,evaluated
gram,6,per_channel,core_mlp,all_on,1;1;1;1;1,a-deadline-or-time-limit,1.7254279851913452,20260718174851965051,16048,a83eeac3ae77c09a166e363c7b475dd1ef4a1765662acc5440260313f637429d,255d4808fcb2adbcab5c035082fac266e8ee2729,evaluated
gram,4,per_channel,core_mlp;aux_modules;attention;embeddings,leave_out__cultural-traditions,1;1;1;1;0,alien-encounters,1.700629472732544,20260718174851965051,16048,a83eeac3ae77c09a166e363c7b475dd1ef4a1765662acc5440260313f637429d,255d4808fcb2adbcab5c035082fac266e8ee2729,evaluated
gram,6,per_channel,aux_modules,all_on,1;1;1;1;1,core,1.6507335901260376,20260718174851965051,16048,a83eeac3ae77c09a166e363c7b475dd1ef4a1765662acc5440260313f637429d,255d4808fcb2adbcab5c035082fac266e8ee2729,evaluated
gram,8,per_tensor,core_mlp;aux_modules;attention;embeddings,leave_out__a-deadline-or-time-limit,1;0;1;1;1,core,1.6496738195419312,20260718174851965051,16048,a83eeac3ae77c09a166e363c7b475dd1ef4a1765662acc5440260313f637429d,1d8a749f8cb5ca7367d3197e0d1bc276d7a0a817,evaluated
gram,8,per_tensor,core_mlp;aux_modules;attention;embeddings,all_on,1;1;1;1;1,a-deadline-or-time-limit,1.7263782024383545,20260718174851965051,16048,a83eeac3ae77c09a166e363c7b475dd1ef4a1765662acc5440260313f637429d,1d8a749f8cb5ca7367d3197e0d1bc276d7a0a817,evaluated
gram,6,per_tensor,core_mlp;aux_modules;attention;embeddings,leave_out__a-deadline-or-time-limit,1;0;1;1;1,alien-encounters,1.649832010269165,20260718174851965051,16048,a83eeac3ae77c09a166e363c7b475dd1ef4a1765662acc5440260313f637429d,1d8a749f8cb5ca7367d3197e0d1bc276d7a0a817,evaluated
gram,8,per_channel,core_mlp;aux_modules;attention;embeddings,leave_out__alien-encounters,1;1;0;1;1,bygone-eras,1.6692410707473755,20260718174851965051,16048,a83eeac3ae77c09a166e363c7b475dd1ef4a1765662acc5440260313f637429d,255d4808fcb2adbcab5c035082fac266e8ee2729,evaluated
gram,8,per_channel,core_mlp;aux_modules;attention;embeddings,leave_out__alien-encounters,1;1;0;1;1,a-deadline-or-time-limit,1.723246455192566,20260718174851965051,16048,a83eeac3ae77c09a166e363c7b475dd1ef4a1765662acc5440260313f637429d,255d4808fcb2adbcab5c035082fac266e8ee2729,evaluated
gram,8,per_channel,core_mlp,all_on,1;1;1;1;1,alien-encounters,1.6118055582046509,20260718174851965051,16048,a83eeac3ae77c09a166e363c7b475dd1ef4a1765662acc5440260313f637429d,255d4808fcb2adbcab5c035082fac266e8ee2729,evaluated
gram,8,per_tensor,core_mlp;aux_modules;attention;embeddings,leave_out__a-deadline-or-time-limit,1;0;1;1;1,alien-encounters,1.6119582653045654,20260718174851965051,16048,a83eeac3ae77c09a166e363c7b475dd1ef4a1765662acc5440260313f637429d,1d8a749f8cb5ca7367d3197e0d1bc276d7a0a817,evaluated
gram,6,per_channel,aux_modules,leave_out__a-deadline-or-time-limit,1;0;1;1;1,cultural-traditions,1.7036240100860596,20260718174851965051,16048,a83eeac3ae77c09a166e363c7b475dd1ef4a1765662acc5440260313f637429d,255d4808fcb2adbcab5c035082fac266e8ee2729,evaluated
gram,4,per_channel,embeddings,all_on,1;1;1;1;1,cultural-traditions,1.7472033500671387,20260718174851965051,16048,a83eeac3ae77c09a166e363c7b475dd1ef4a1765662acc5440260313f637429d,255d4808fcb2adbcab5c035082fac266e8ee2729,evaluated
gram,,fp32,,leave_out__cultural-traditions,1;1;1;1;0,a-deadline-or-time-limit,1.7238987684249878,20260718174851965051,16048,a83eeac3ae77c09a166e363c7b475dd1ef4a1765662acc5440260313f637429d,255d4808fcb2adbcab5c035082fac266e8ee2729,phase2_reuse
gram,8,per_channel,attention,all_on,1;1;1;1;1,bygone-eras,1.6712210178375244,20260718174851965051,16048,a83eeac3ae77c09a166e363c7b475dd1ef4a1765662acc5440260313f637429d,255d4808fcb2adbcab5c035082fac266e8ee2729,evaluated
gram,8,per_channel,aux_modules,leave_out__a-deadline-or-time-limit,1;0;1;1;1,bygone-eras,1.6686538457870483,20260718174851965051,16048,a83eeac3ae77c09a166e363c7b475dd1ef4a1765662acc5440260313f637429d,255d4808fcb2adbcab5c035082fac266e8ee2729,evaluated
gram,8,per_tensor,core_mlp;aux_modules;attention;embeddings,all_on,1;1;1;1;1,alien-encounters,1.613814115524292,20260718174851965051,16048,a83eeac3ae77c09a166e363c7b475dd1ef4a1765662acc5440260313f637429d,1d8a749f8cb5ca7367d3197e0d1bc276d7a0a817,evaluated
gram,,fp32,,leave_out__alien-encounters,1;1;0;1;1,core,1.6483248472213745,20260718174851965051,16048,a83eeac3ae77c09a166e363c7b475dd1ef4a1765662acc5440260313f637429d,255d4808fcb2adbcab5c035082fac266e8ee2729,phase2_reuse
gram,6,per_channel,core_mlp;aux_modules;attention;embeddings,leave_out__a-deadline-or-time-limit,1;0;1;1;1,core,1.6502666473388672,20260718174851965051,16048,a83eeac3ae77c09a166e363c7b475dd1ef4a1765662acc5440260313f637429d,255d4808fcb2adbcab5c035082fac266e8ee2729,evaluated
gram,4,per_tensor,core_mlp;aux_modules;attention;embeddings,leave_out__a-deadline-or-time-limit,1;0;1;1;1,a-deadline-or-time-limit,4.603458881378174,20260718174851965051,16048,a83eeac3ae77c09a166e363c7b475dd1ef4a1765662acc5440260313f637429d,1d8a749f8cb5ca7367d3197e0d1bc276d7a0a817,evaluated
gram,8,per_channel,core_mlp,leave_out__a-deadline-or-time-limit,1;0;1;1;1,alien-encounters,1.6099907159805298,20260718174851965051,16048,a83eeac3ae77c09a166e363c7b475dd1ef4a1765662acc5440260313f637429d,255d4808fcb2adbcab5c035082fac266e8ee2729,evaluated
gram,4,per_channel,aux_modules,all_on,1;1;1;1;1,a-deadline-or-time-limit,1.724552869796753,20260718174851965051,16048,a83eeac3ae77c09a166e363c7b475dd1ef4a1765662acc5440260313f637429d,255d4808fcb2adbcab5c035082fac266e8ee2729,evaluated
baseline,6,per_channel,core_mlp;attention;embeddings,dense,,a-deadline-or-time-limit,1.721505045890808,20260719012010132266,16571,7a64a49450867b7ce6d8497452ac2de908fe1521c3f2d55c9b13b1707182c037,255d4808fcb2adbcab5c035082fac266e8ee2729,evaluated
gram,,fp32,,all_on,1;1;1;1;1,alien-encounters,1.6117552518844604,20260718174851965051,16048,a83eeac3ae77c09a166e363c7b475dd1ef4a1765662acc5440260313f637429d,255d4808fcb2adbcab5c035082fac266e8ee2729,phase2_reuse
gram,8,per_channel,embeddings,leave_out__a-deadline-or-time-limit,1;0;1;1;1,core,1.647405743598938,20260718174851965051,16048,a83eeac3ae77c09a166e363c7b475dd1ef4a1765662acc5440260313f637429d,255d4808fcb2adbcab5c035082fac266e8ee2729,evaluated
gram,6,per_channel,aux_modules,all_on,1;1;1;1;1,alien-encounters,1.6117342710494995,20260718174851965051,16048,a83eeac3ae77c09a166e363c7b475dd1ef4a1765662acc5440260313f637429d,255d4808fcb2adbcab5c035082fac266e8ee2729,evaluated
baseline,,fp32,,dense,,bygone-eras,1.6520333290100098,20260719012010132266,16571,7a64a49450867b7ce6d8497452ac2de908fe1521c3f2d55c9b13b1707182c037,255d4808fcb2adbcab5c035082fac266e8ee2729,phase2_reuse
gram,,fp32,,leave_out__cultural-traditions,1;1;1;1;0,core,1.6481013298034668,20260718174851965051,16048,a83eeac3ae77c09a166e363c7b475dd1ef4a1765662acc5440260313f637429d,255d4808fcb2adbcab5c035082fac266e8ee2729,phase2_reuse
gram,8,per_channel,core_mlp,all_on,1;1;1;1;1,a-deadline-or-time-limit,1.7242071628570557,20260718174851965051,16048,a83eeac3ae77c09a166e363c7b475dd1ef4a1765662acc5440260313f637429d,255d4808fcb2adbcab5c035082fac266e8ee2729,evaluated
gram,6,per_channel,core_mlp;aux_modules;attention;embeddings,leave_out__a-deadline-or-time-limit,1;0;1;1;1,a-deadline-or-time-limit,1.8411591053009033,20260718174851965051,16048,a83eeac3ae77c09a166e363c7b475dd1ef4a1765662acc5440260313f637429d,255d4808fcb2adbcab5c035082fac266e8ee2729,evaluated
gram,4,per_channel,core_mlp;aux_modules;attention;embeddings,leave_out__a-deadline-or-time-limit,1;0;1;1;1,cultural-traditions,1.7952581644058228,20260718174851965051,16048,a83eeac3ae77c09a166e363c7b475dd1ef4a1765662acc5440260313f637429d,255d4808fcb2adbcab5c035082fac266e8ee2729,evaluated
gram,6,per_channel,core_mlp;aux_modules;attention;embeddings,leave_out__bygone-eras,1;1;1;0;1,bygone-eras,1.678541660308838,20260718174851965051,16048,a83eeac3ae77c09a166e363c7b475dd1ef4a1765662acc5440260313f637429d,255d4808fcb2adbcab5c035082fac266e8ee2729,evaluated
gram,8,per_tensor,core_mlp;aux_modules;attention;embeddings,leave_out__a-deadline-or-time-limit,1;0;1;1;1,bygone-eras,1.6710187196731567,20260718174851965051,16048,a83eeac3ae77c09a166e363c7b475dd1ef4a1765662acc5440260313f637429d,1d8a749f8cb5ca7367d3197e0d1bc276d7a0a817,evaluated
gram,6,per_channel,core_mlp;aux_modules;attention;embeddings,leave_out__cultural-traditions,1;1;1;1;0,bygone-eras,1.6739157438278198,20260718174851965051,16048,a83eeac3ae77c09a166e363c7b475dd1ef4a1765662acc5440260313f637429d,255d4808fcb2adbcab5c035082fac266e8ee2729,evaluated
gram,8,per_channel,embeddings,leave_out__a-deadline-or-time-limit,1;0;1;1;1,bygone-eras,1.6687631607055664,20260718174851965051,16048,a83eeac3ae77c09a166e363c7b475dd1ef4a1765662acc5440260313f637429d,255d4808fcb2adbcab5c035082fac266e8ee2729,evaluated
gram,6,per_channel,embeddings,leave_out__a-deadline-or-time-limit,1;0;1;1;1,bygone-eras,1.6696099042892456,20260718174851965051,16048,a83eeac3ae77c09a166e363c7b475dd1ef4a1765662acc5440260313f637429d,255d4808fcb2adbcab5c035082fac266e8ee2729,evaluated
gram,4,per_channel,core_mlp;aux_modules;attention;embeddings,leave_out__bygone-eras,1;1;1;0;1,a-deadline-or-time-limit,1.8144735097885132,20260718174851965051,16048,a83eeac3ae77c09a166e363c7b475dd1ef4a1765662acc5440260313f637429d,255d4808fcb2adbcab5c035082fac266e8ee2729,evaluated
gram,4,per_channel,aux_modules,all_on,1;1;1;1;1,alien-encounters,1.612355351448059,20260718174851965051,16048,a83eeac3ae77c09a166e363c7b475dd1ef4a1765662acc5440260313f637429d,255d4808fcb2adbcab5c035082fac266e8ee2729,evaluated
gram,8,per_channel,core_mlp;aux_modules;attention;embeddings,leave_out__bygone-eras,1;1;1;0;1,cultural-traditions,1.706027626991272,20260718174851965051,16048,a83eeac3ae77c09a166e363c7b475dd1ef4a1765662acc5440260313f637429d,255d4808fcb2adbcab5c035082fac266e8ee2729,evaluated
gram,4,per_channel,core_mlp,all_on,1;1;1;1;1,core,1.676627516746521,20260718174851965051,16048,a83eeac3ae77c09a166e363c7b475dd1ef4a1765662acc5440260313f637429d,255d4808fcb2adbcab5c035082fac266e8ee2729,evaluated
filtered,8,per_channel,core_mlp;attention;embeddings,dense,,alien-encounters,1.6075111627578735,20260719070035561998,16219,501b12683bf307e67e956efd87c905cc3c49b339dca76a49e4dc598a005e0c44,1d8a749f8cb5ca7367d3197e0d1bc276d7a0a817,evaluated
gram,6,per_channel,embeddings,leave_out__a-deadline-or-time-limit,1;0;1;1;1,cultural-traditions,1.70468270778656,20260718174851965051,16048,a83eeac3ae77c09a166e363c7b475dd1ef4a1765662acc5440260313f637429d,255d4808fcb2adbcab5c035082fac266e8ee2729,evaluated
gram,,fp32,,leave_out__alien-encounters,1;1;0;1;1,a-deadline-or-time-limit,1.722935438156128,20260718174851965051,16048,a83eeac3ae77c09a166e363c7b475dd1ef4a1765662acc5440260313f637429d,255d4808fcb2adbcab5c035082fac266e8ee2729,phase2_reuse
gram,4,per_channel,attention,all_on,1;1;1;1;1,a-deadline-or-time-limit,1.735756516456604,20260718174851965051,16048,a83eeac3ae77c09a166e363c7b475dd1ef4a1765662acc5440260313f637429d,255d4808fcb2adbcab5c035082fac266e8ee2729,evaluated
gram,4,per_channel,aux_modules,leave_out__a-deadline-or-time-limit,1;0;1;1;1,bygone-eras,1.6687074899673462,20260718174851965051,16048,a83eeac3ae77c09a166e363c7b475dd1ef4a1765662acc5440260313f637429d,255d4808fcb2adbcab5c035082fac266e8ee2729,evaluated
gram,8,per_channel,attention,leave_out__a-deadline-or-time-limit,1;0;1;1;1,bygone-eras,1.6686861515045166,20260718174851965051,16048,a83eeac3ae77c09a166e363c7b475dd1ef4a1765662acc5440260313f637429d,255d4808fcb2adbcab5c035082fac266e8ee2729,evaluated
gram,4,per_tensor,core_mlp;aux_modules;attention;embeddings,all_on,1;1;1;1;1,bygone-eras,4.544320106506348,20260718174851965051,16048,a83eeac3ae77c09a166e363c7b475dd1ef4a1765662acc5440260313f637429d,1d8a749f8cb5ca7367d3197e0d1bc276d7a0a817,evaluated
gram,6,per_channel,aux_modules,leave_out__a-deadline-or-time-limit,1;0;1;1;1,bygone-eras,1.6686738729476929,20260718174851965051,16048,a83eeac3ae77c09a166e363c7b475dd1ef4a1765662acc5440260313f637429d,255d4808fcb2adbcab5c035082fac266e8ee2729,evaluated
gram,4,per_channel,core_mlp,all_on,1;1;1;1;1,alien-encounters,1.6368629932403564,20260718174851965051,16048,a83eeac3ae77c09a166e363c7b475dd1ef4a1765662acc5440260313f637429d,255d4808fcb2adbcab5c035082fac266e8ee2729,evaluated
gram,8,per_channel,core_mlp;aux_modules;attention;embeddings,leave_out__a-deadline-or-time-limit,1;0;1;1;1,core,1.6475203037261963,20260718174851965051,16048,a83eeac3ae77c09a166e363c7b475dd1ef4a1765662acc5440260313f637429d,255d4808fcb2adbcab5c035082fac266e8ee2729,evaluated
filtered,8,per_channel,core_mlp;attention;embeddings,dense,,cultural-traditions,1.6924437284469604,20260719070035561998,16219,501b12683bf307e67e956efd87c905cc3c49b339dca76a49e4dc598a005e0c44,1d8a749f8cb5ca7367d3197e0d1bc276d7a0a817,evaluated
gram,6,per_tensor,core_mlp;aux_modules;attention;embeddings,all_on,1;1;1;1;1,alien-encounters,1.6516711711883545,20260718174851965051,16048,a83eeac3ae77c09a166e363c7b475dd1ef4a1765662acc5440260313f637429d,1d8a749f8cb5ca7367d3197e0d1bc276d7a0a817,evaluated
gram,4,per_channel,core_mlp;aux_modules;attention;embeddings,leave_out__bygone-eras,1;1;1;0;1,bygone-eras,1.7665081024169922,20260718174851965051,16048,a83eeac3ae77c09a166e363c7b475dd1ef4a1765662acc5440260313f637429d,255d4808fcb2adbcab5c035082fac266e8ee2729,evaluated
gram,,fp32,,leave_out__alien-encounters,1;1;0;1;1,alien-encounters,1.7021881341934204,20260718174851965051,16048,a83eeac3ae77c09a166e363c7b475dd1ef4a1765662acc5440260313f637429d,255d4808fcb2adbcab5c035082fac266e8ee2729,phase2_reuse
gram,8,per_channel,aux_modules,all_on,1;1;1;1;1,cultural-traditions,1.7047984600067139,20260718174851965051,16048,a83eeac3ae77c09a166e363c7b475dd1ef4a1765662acc5440260313f637429d,255d4808fcb2adbcab5c035082fac266e8ee2729,evaluated
gram,4,per_channel,core_mlp;aux_modules;attention;embeddings,leave_out__alien-encounters,1;1;0;1;1,core,1.7380496263504028,20260718174851965051,16048,a83eeac3ae77c09a166e363c7b475dd1ef4a1765662acc5440260313f637429d,255d4808fcb2adbcab5c035082fac266e8ee2729,evaluated
gram,8,per_tensor,core_mlp;aux_modules;attention;embeddings,leave_out__a-deadline-or-time-limit,1;0;1;1;1,cultural-traditions,1.7056012153625488,20260718174851965051,16048,a83eeac3ae77c09a166e363c7b475dd1ef4a1765662acc5440260313f637429d,1d8a749f8cb5ca7367d3197e0d1bc276d7a0a817,evaluated
gram,6,per_channel,core_mlp;aux_modules;attention;embeddings,leave_out__bygone-eras,1;1;1;0;1,cultural-traditions,1.7088673114776611,20260718174851965051,16048,a83eeac3ae77c09a166e363c7b475dd1ef4a1765662acc5440260313f637429d,255d4808fcb2adbcab5c035082fac266e8ee2729,evaluated
baseline,4,per_channel,core_mlp;attention;embeddings,dense,,bygone-eras,1.740208625793457,20260719012010132266,16571,7a64a49450867b7ce6d8497452ac2de908fe1521c3f2d55c9b13b1707182c037,255d4808fcb2adbcab5c035082fac266e8ee2729,evaluated
gram,,fp32,,leave_out__bygone-eras,1;1;1;0;1,cultural-traditions,1.7059069871902466,20260718174851965051,16048,a83eeac3ae77c09a166e363c7b475dd1ef4a1765662acc5440260313f637429d,255d4808fcb2adbcab5c035082fac266e8ee2729,phase2_reuse
gram,6,per_channel,embeddings,all_on,1;1;1;1;1,alien-encounters,1.612959384918213,20260718174851965051,16048,a83eeac3ae77c09a166e363c7b475dd1ef4a1765662acc5440260313f637429d,255d4808fcb2adbcab5c035082fac266e8ee2729,evaluated
gram,,fp32,,leave_out__bygone-eras,1;1;1;0;1,alien-encounters,1.6103278398513794,20260718174851965051,16048,a83eeac3ae77c09a166e363c7b475dd1ef4a1765662acc5440260313f637429d,255d4808fcb2adbcab5c035082fac266e8ee2729,phase2_reuse
gram,6,per_channel,core_mlp;aux_modules;attention;embeddings,all_on,1;1;1;1;1,a-deadline-or-time-limit,1.727091670036316,20260718174851965051,16048,a83eeac3ae77c09a166e363c7b475dd1ef4a1765662acc5440260313f637429d,255d4808fcb2adbcab5c035082fac266e8ee2729,evaluated
gram,4,per_channel,attention,all_on,1;1;1;1;1,cultural-traditions,1.7165236473083496,20260718174851965051,16048,a83eeac3ae77c09a166e363c7b475dd1ef4a1765662acc5440260313f637429d,255d4808fcb2adbcab5c035082fac266e8ee2729,evaluated
gram,6,per_channel,attention,leave_out__a-deadline-or-time-limit,1;0;1;1;1,core,1.6478967666625977,20260718174851965051,16048,a83eeac3ae77c09a166e363c7b475dd1ef4a1765662acc5440260313f637429d,255d4808fcb2adbcab5c035082fac266e8ee2729,evaluated
gram,,fp32,,leave_out__cultural-traditions,1;1;1;1;0,cultural-traditions,1.7242282629013062,20260718174851965051,16048,a83eeac3ae77c09a166e363c7b475dd1ef4a1765662acc5440260313f637429d,255d4808fcb2adbcab5c035082fac266e8ee2729,phase2_reuse
gram,8,per_channel,core_mlp,all_on,1;1;1;1;1,core,1.650726079940796,20260718174851965051,16048,a83eeac3ae77c09a166e363c7b475dd1ef4a1765662acc5440260313f637429d,255d4808fcb2adbcab5c035082fac266e8ee2729,evaluated
gram,,fp32,,all_on,1;1;1;1;1,a-deadline-or-time-limit,1.7240792512893677,20260718174851965051,16048,a83eeac3ae77c09a166e363c7b475dd1ef4a1765662acc5440260313f637429d,255d4808fcb2adbcab5c035082fac266e8ee2729,phase2_reuse
gram,6,per_channel,embeddings,all_on,1;1;1;1;1,core,1.6518349647521973,20260718174851965051,16048,a83eeac3ae77c09a166e363c7b475dd1ef4a1765662acc5440260313f637429d,255d4808fcb2adbcab5c035082fac266e8ee2729,evaluated
gram,6,per_channel,embeddings,all_on,1;1;1;1;1,bygone-eras,1.6721969842910767,20260718174851965051,16048,a83eeac3ae77c09a166e363c7b475dd1ef4a1765662acc5440260313f637429d,255d4808fcb2adbcab5c035082fac266e8ee2729,evaluated
gram,8,per_channel,aux_modules,all_on,1;1;1;1;1,a-deadline-or-time-limit,1.7240773439407349,20260718174851965051,16048,a83eeac3ae77c09a166e363c7b475dd1ef4a1765662acc5440260313f637429d,255d4808fcb2adbcab5c035082fac266e8ee2729,evaluated
baseline,6,per_channel,core_mlp;attention;embeddings,dense,,cultural-traditions,1.6913560628890991,20260719012010132266,16571,7a64a49450867b7ce6d8497452ac2de908fe1521c3f2d55c9b13b1707182c037,255d4808fcb2adbcab5c035082fac266e8ee2729,evaluated
gram,,fp32,,leave_out__a-deadline-or-time-limit,1;0;1;1;1,bygone-eras,1.6686519384384155,20260718174851965051,16048,a83eeac3ae77c09a166e363c7b475dd1ef4a1765662acc5440260313f637429d,255d4808fcb2adbcab5c035082fac266e8ee2729,phase2_reuse
filtered,8,per_channel,core_mlp;attention;embeddings,dense,,core,1.6326662302017212,20260719070035561998,16219,501b12683bf307e67e956efd87c905cc3c49b339dca76a49e4dc598a005e0c44,1d8a749f8cb5ca7367d3197e0d1bc276d7a0a817,evaluated
gram,,fp32,,leave_out__a-deadline-or-time-limit,1;0;1;1;1,core,1.647334337234497,20260718174851965051,16048,a83eeac3ae77c09a166e363c7b475dd1ef4a1765662acc5440260313f637429d,255d4808fcb2adbcab5c035082fac266e8ee2729,phase2_reuse
filtered,,fp32,,dense,,alien-encounters,1.607262372970581,20260719070035561998,16219,501b12683bf307e67e956efd87c905cc3c49b339dca76a49e4dc598a005e0c44,1d8a749f8cb5ca7367d3197e0d1bc276d7a0a817,phase2_reuse
gram,4,per_channel,core_mlp;aux_modules;attention;embeddings,all_on,1;1;1;1;1,alien-encounters,1.7018555402755737,20260718174851965051,16048,a83eeac3ae77c09a166e363c7b475dd1ef4a1765662acc5440260313f637429d,255d4808fcb2adbcab5c035082fac266e8ee2729,evaluated
gram,8,per_channel,core_mlp;aux_modules;attention;embeddings,all_on,1;1;1;1;1,alien-encounters,1.611889123916626,20260718174851965051,16048,a83eeac3ae77c09a166e363c7b475dd1ef4a1765662acc5440260313f637429d,255d4808fcb2adbcab5c035082fac266e8ee2729,evaluated
gram,4,per_channel,core_mlp;aux_modules;attention;embeddings,all_on,1;1;1;1;1,cultural-traditions,1.7962641716003418,20260718174851965051,16048,a83eeac3ae77c09a166e363c7b475dd1ef4a1765662acc5440260313f637429d,255d4808fcb2adbcab5c035082fac266e8ee2729,evaluated
gram,6,per_tensor,core_mlp;aux_modules;attention;embeddings,all_on,1;1;1;1;1,cultural-traditions,1.7442706823349,20260718174851965051,16048,a83eeac3ae77c09a166e363c7b475dd1ef4a1765662acc5440260313f637429d,1d8a749f8cb5ca7367d3197e0d1bc276d7a0a817,evaluated
gram,6,per_channel,attention,leave_out__a-deadline-or-time-limit,1;0;1;1;1,cultural-traditions,1.7041163444519043,20260718174851965051,16048,a83eeac3ae77c09a166e363c7b475dd1ef4a1765662acc5440260313f637429d,255d4808fcb2adbcab5c035082fac266e8ee2729,evaluated
gram,8,per_channel,attention,leave_out__a-deadline-or-time-limit,1;0;1;1;1,cultural-traditions,1.7036798000335693,20260718174851965051,16048,a83eeac3ae77c09a166e363c7b475dd1ef4a1765662acc5440260313f637429d,255d4808fcb2adbcab5c035082fac266e8ee2729,evaluated
gram,4,per_tensor,core_mlp;aux_modules;attention;embeddings,leave_out__a-deadline-or-time-limit,1;0;1;1;1,bygone-eras,4.506303787231445,20260718174851965051,16048,a83eeac3ae77c09a166e363c7b475dd1ef4a1765662acc5440260313f637429d,1d8a749f8cb5ca7367d3197e0d1bc276d7a0a817,evaluated
gram,8,per_channel,core_mlp,all_on,1;1;1;1;1,bygone-eras,1.6712924242019653,20260718174851965051,16048,a83eeac3ae77c09a166e363c7b475dd1ef4a1765662acc5440260313f637429d,255d4808fcb2adbcab5c035082fac266e8ee2729,evaluated
gram,4,per_channel,core_mlp,all_on,1;1;1;1;1,cultural-traditions,1.7317944765090942,20260718174851965051,16048,a83eeac3ae77c09a166e363c7b475dd1ef4a1765662acc5440260313f637429d,255d4808fcb2adbcab5c035082fac266e8ee2729,evaluated
gram,8,per_channel,aux_modules,leave_out__a-deadline-or-time-limit,1;0;1;1;1,a-deadline-or-time-limit,1.8381898403167725,20260718174851965051,16048,a83eeac3ae77c09a166e363c7b475dd1ef4a1765662acc5440260313f637429d,255d4808fcb2adbcab5c035082fac266e8ee2729,evaluated
gram,4,per_channel,attention,leave_out__a-deadline-or-time-limit,1;0;1;1;1,cultural-traditions,1.715049386024475,20260718174851965051,16048,a83eeac3ae77c09a166e363c7b475dd1ef4a1765662acc5440260313f637429d,255d4808fcb2adbcab5c035082fac266e8ee2729,evaluated
filtered,4,per_channel,core_mlp;attention;embeddings,dense,,bygone-eras,1.7478916645050049,20260719070035561998,16219,501b12683bf307e67e956efd87c905cc3c49b339dca76a49e4dc598a005e0c44,1d8a749f8cb5ca7367d3197e0d1bc276d7a0a817,evaluated
baseline,8,per_channel,core_mlp;attention;embeddings,dense,,a-deadline-or-time-limit,1.718733787536621,20260719012010132266,16571,7a64a49450867b7ce6d8497452ac2de908fe1521c3f2d55c9b13b1707182c037,255d4808fcb2adbcab5c035082fac266e8ee2729,evaluated
gram,4,per_channel,core_mlp,leave_out__a-deadline-or-time-limit,1;0;1;1;1,cultural-traditions,1.7310703992843628,20260718174851965051,16048,a83eeac3ae77c09a166e363c7b475dd1ef4a1765662acc5440260313f637429d,255d4808fcb2adbcab5c035082fac266e8ee2729,evaluated
gram,8,per_channel,aux_modules,leave_out__a-deadline-or-time-limit,1;0;1;1;1,core,1.647331953048706,20260718174851965051,16048,a83eeac3ae77c09a166e363c7b475dd1ef4a1765662acc5440260313f637429d,255d4808fcb2adbcab5c035082fac266e8ee2729,evaluated
gram,4,per_channel,embeddings,leave_out__a-deadline-or-time-limit,1;0;1;1;1,bygone-eras,1.7098973989486694,20260718174851965051,16048,a83eeac3ae77c09a166e363c7b475dd1ef4a1765662acc5440260313f637429d,255d4808fcb2adbcab5c035082fac266e8ee2729,evaluated
gram,,fp32,,all_on,1;1;1;1;1,core,1.650659441947937,20260718174851965051,16048,a83eeac3ae77c09a166e363c7b475dd1ef4a1765662acc5440260313f637429d,255d4808fcb2adbcab5c035082fac266e8ee2729,phase2_reuse
gram,6,per_channel,core_mlp;aux_modules;attention;embeddings,all_on,1;1;1;1;1,cultural-traditions,1.7077277898788452,20260718174851965051,16048,a83eeac3ae77c09a166e363c7b475dd1ef4a1765662acc5440260313f637429d,255d4808fcb2adbcab5c035082fac266e8ee2729,evaluated
gram,8,per_channel,core_mlp;aux_modules;attention;embeddings,leave_out__alien-encounters,1;1;0;1;1,core,1.6484885215759277,20260718174851965051,16048,a83eeac3ae77c09a166e363c7b475dd1ef4a1765662acc5440260313f637429d,255d4808fcb2adbcab5c035082fac266e8ee2729,evaluated
gram,8,per_channel,embeddings,all_on,1;1;1;1;1,alien-encounters,1.6118308305740356,20260718174851965051,16048,a83eeac3ae77c09a166e363c7b475dd1ef4a1765662acc5440260313f637429d,255d4808fcb2adbcab5c035082fac266e8ee2729,evaluated
gram,6,per_channel,core_mlp;aux_modules;attention;embeddings,leave_out__bygone-eras,1;1;1;0;1,core,1.6516456604003906,20260718174851965051,16048,a83eeac3ae77c09a166e363c7b475dd1ef4a1765662acc5440260313f637429d,255d4808fcb2adbcab5c035082fac266e8ee2729,evaluated
gram,8,per_channel,core_mlp;aux_modules;attention;embeddings,all_on,1;1;1;1;1,a-deadline-or-time-limit,1.7243866920471191,20260718174851965051,16048,a83eeac3ae77c09a166e363c7b475dd1ef4a1765662acc5440260313f637429d,255d4808fcb2adbcab5c035082fac266e8ee2729,evaluated
gram,6,per_tensor,core_mlp;aux_modules;attention;embeddings,all_on,1;1;1;1;1,a-deadline-or-time-limit,1.7641137838363647,20260718174851965051,16048,a83eeac3ae77c09a166e363c7b475dd1ef4a1765662acc5440260313f637429d,1d8a749f8cb5ca7367d3197e0d1bc276d7a0a817,evaluated
gram,6,per_channel,core_mlp,all_on,1;1;1;1;1,cultural-traditions,1.7061289548873901,20260718174851965051,16048,a83eeac3ae77c09a166e363c7b475dd1ef4a1765662acc5440260313f637429d,255d4808fcb2adbcab5c035082fac266e8ee2729,evaluated
gram,6,per_channel,embeddings,leave_out__a-deadline-or-time-limit,1;0;1;1;1,core,1.6484687328338623,20260718174851965051,16048,a83eeac3ae77c09a166e363c7b475dd1ef4a1765662acc5440260313f637429d,255d4808fcb2adbcab5c035082fac266e8ee2729,evaluated
gram,6,per_channel,core_mlp;aux_modules;attention;embeddings,leave_out__a-deadline-or-time-limit,1;0;1;1;1,alien-encounters,1.6122750043869019,20260718174851965051,16048,a83eeac3ae77c09a166e363c7b475dd1ef4a1765662acc5440260313f637429d,255d4808fcb2adbcab5c035082fac266e8ee2729,evaluated
gram,,fp32,,all_on,1;1;1;1;1,cultural-traditions,1.7047994136810303,20260718174851965051,16048,a83eeac3ae77c09a166e363c7b475dd1ef4a1765662acc5440260313f637429d,255d4808fcb2adbcab5c035082fac266e8ee2729,phase2_reuse
baseline,4,per_channel,core_mlp;attention;embeddings,dense,,a-deadline-or-time-limit,1.806850790977478,20260719012010132266,16571,7a64a49450867b7ce6d8497452ac2de908fe1521c3f2d55c9b13b1707182c037,255d4808fcb2adbcab5c035082fac266e8ee2729,evaluated
gram,8,per_tensor,core_mlp;aux_modules;attention;embeddings,all_on,1;1;1;1;1,bygone-eras,1.6735888719558716,20260718174851965051,16048,a83eeac3ae77c09a166e363c7b475dd1ef4a1765662acc5440260313f637429d,1d8a749f8cb5ca7367d3197e0d1bc276d7a0a817,evaluated
baseline,,fp32,,dense,,a-deadline-or-time-limit,1.7185769081115723,20260719012010132266,16571,7a64a49450867b7ce6d8497452ac2de908fe1521c3f2d55c9b13b1707182c037,255d4808fcb2adbcab5c035082fac266e8ee2729,phase2_reuse
gram,8,per_channel,aux_modules,all_on,1;1;1;1;1,alien-encounters,1.6117634773254395,20260718174851965051,16048,a83eeac3ae77c09a166e363c7b475dd1ef4a1765662acc5440260313f637429d,255d4808fcb2adbcab5c035082fac266e8ee2729,evaluated
filtered,6,per_channel,core_mlp;attention;embeddings,dense,,bygone-eras,1.6572479009628296,20260719070035561998,16219,501b12683bf307e67e956efd87c905cc3c49b339dca76a49e4dc598a005e0c44,1d8a749f8cb5ca7367d3197e0d1bc276d7a0a817,evaluated
gram,8,per_channel,core_mlp,all_on,1;1;1;1;1,cultural-traditions,1.7048499584197998,20260718174851965051,16048,a83eeac3ae77c09a166e363c7b475dd1ef4a1765662acc5440260313f637429d,255d4808fcb2adbcab5c035082fac266e8ee2729,evaluated
gram,,fp32,,leave_out__alien-encounters,1;1;0;1;1,bygone-eras,1.6690131425857544,20260718174851965051,16048,a83eeac3ae77c09a166e363c7b475dd1ef4a1765662acc5440260313f637429d,255d4808fcb2adbcab5c035082fac266e8ee2729,phase2_reuse
gram,6,per_channel,core_mlp,leave_out__a-deadline-or-time-limit,1;0;1;1;1,core,1.64850652217865,20260718174851965051,16048,a83eeac3ae77c09a166e363c7b475dd1ef4a1765662acc5440260313f637429d,255d4808fcb2adbcab5c035082fac266e8ee2729,evaluated
gram,8,per_channel,embeddings,all_on,1;1;1;1;1,a-deadline-or-time-limit,1.7241779565811157,20260718174851965051,16048,a83eeac3ae77c09a166e363c7b475dd1ef4a1765662acc5440260313f637429d,255d4808fcb2adbcab5c035082fac266e8ee2729,evaluated
gram,6,per_channel,core_mlp;aux_modules;attention;embeddings,leave_out__cultural-traditions,1;1;1;1;0,alien-encounters,1.61273193359375,20260718174851965051,16048,a83eeac3ae77c09a166e363c7b475dd1ef4a1765662acc5440260313f637429d,255d4808fcb2adbcab5c035082fac266e8ee2729,evaluated
gram,8,per_channel,embeddings,leave_out__a-deadline-or-time-limit,1;0;1;1;1,alien-encounters,1.6100081205368042,20260718174851965051,16048,a83eeac3ae77c09a166e363c7b475dd1ef4a1765662acc5440260313f637429d,255d4808fcb2adbcab5c035082fac266e8ee2729,evaluated
gram,6,per_channel,embeddings,all_on,1;1;1;1;1,cultural-traditions,1.7058696746826172,20260718174851965051,16048,a83eeac3ae77c09a166e363c7b475dd1ef4a1765662acc5440260313f637429d,255d4808fcb2adbcab5c035082fac266e8ee2729,evaluated
gram,8,per_channel,attention,all_on,1;1;1;1;1,alien-encounters,1.6117525100708008,20260718174851965051,16048,a83eeac3ae77c09a166e363c7b475dd1ef4a1765662acc5440260313f637429d,255d4808fcb2adbcab5c035082fac266e8ee2729,evaluated
gram,4,per_channel,core_mlp;aux_modules;attention;embeddings,leave_out__cultural-traditions,1;1;1;1;0,cultural-traditions,1.8169304132461548,20260718174851965051,16048,a83eeac3ae77c09a166e363c7b475dd1ef4a1765662acc5440260313f637429d,255d4808fcb2adbcab5c035082fac266e8ee2729,evaluated
baseline,4,per_channel,core_mlp;attention;embeddings,dense,,cultural-traditions,1.7784236669540405,20260719012010132266,16571,7a64a49450867b7ce6d8497452ac2de908fe1521c3f2d55c9b13b1707182c037,255d4808fcb2adbcab5c035082fac266e8ee2729,evaluated
baseline,6,per_channel,core_mlp;attention;embeddings,dense,,bygone-eras,1.654689073562622,20260719012010132266,16571,7a64a49450867b7ce6d8497452ac2de908fe1521c3f2d55c9b13b1707182c037,255d4808fcb2adbcab5c035082fac266e8ee2729,evaluated
gram,4,per_channel,core_mlp,leave_out__a-deadline-or-time-limit,1;0;1;1;1,core,1.6735020875930786,20260718174851965051,16048,a83eeac3ae77c09a166e363c7b475dd1ef4a1765662acc5440260313f637429d,255d4808fcb2adbcab5c035082fac266e8ee2729,evaluated
gram,4,per_channel,core_mlp;aux_modules;attention;embeddings,leave_out__alien-encounters,1;1;0;1;1,bygone-eras,1.7590396404266357,20260718174851965051,16048,a83eeac3ae77c09a166e363c7b475dd1ef4a1765662acc5440260313f637429d,255d4808fcb2adbcab5c035082fac266e8ee2729,evaluated
gram,6,per_channel,core_mlp,leave_out__a-deadline-or-time-limit,1;0;1;1;1,bygone-eras,1.6699260473251343,20260718174851965051,16048,a83eeac3ae77c09a166e363c7b475dd1ef4a1765662acc5440260313f637429d,255d4808fcb2adbcab5c035082fac266e8ee2729,evaluated
gram,8,per_channel,embeddings,leave_out__a-deadline-or-time-limit,1;0;1;1;1,cultural-traditions,1.7037049531936646,20260718174851965051,16048,a83eeac3ae77c09a166e363c7b475dd1ef4a1765662acc5440260313f637429d,255d4808fcb2adbcab5c035082fac266e8ee2729,evaluated
gram,6,per_channel,core_mlp;aux_modules;attention;embeddings,leave_out__alien-encounters,1;1;0;1;1,bygone-eras,1.6720131635665894,20260718174851965051,16048,a83eeac3ae77c09a166e363c7b475dd1ef4a1765662acc5440260313f637429d,255d4808fcb2adbcab5c035082fac266e8ee2729,evaluated
filtered,,fp32,,dense,,bygone-eras,1.6544784307479858,20260719070035561998,16219,501b12683bf307e67e956efd87c905cc3c49b339dca76a49e4dc598a005e0c44,1d8a749f8cb5ca7367d3197e0d1bc276d7a0a817,phase2_reuse
gram,4,per_channel,core_mlp;aux_modules;attention;embeddings,leave_out__cultural-traditions,1;1;1;1;0,core,1.7386581897735596,20260718174851965051,16048,a83eeac3ae77c09a166e363c7b475dd1ef4a1765662acc5440260313f637429d,255d4808fcb2adbcab5c035082fac266e8ee2729,evaluated
gram,4,per_channel,core_mlp;aux_modules;attention;embeddings,leave_out__bygone-eras,1;1;1;0;1,alien-encounters,1.700187087059021,20260718174851965051,16048,a83eeac3ae77c09a166e363c7b475dd1ef4a1765662acc5440260313f637429d,255d4808fcb2adbcab5c035082fac266e8ee2729,evaluated
gram,4,per_channel,core_mlp,all_on,1;1;1;1;1,a-deadline-or-time-limit,1.750962257385254,20260718174851965051,16048,a83eeac3ae77c09a166e363c7b475dd1ef4a1765662acc5440260313f637429d,255d4808fcb2adbcab5c035082fac266e8ee2729,evaluated
gram,6,per_channel,core_mlp;aux_modules;attention;embeddings,leave_out__bygone-eras,1;1;1;0;1,alien-encounters,1.6127171516418457,20260718174851965051,16048,a83eeac3ae77c09a166e363c7b475dd1ef4a1765662acc5440260313f637429d,255d4808fcb2adbcab5c035082fac266e8ee2729,evaluated
gram,4,per_channel,attention,leave_out__a-deadline-or-time-limit,1;0;1;1;1,core,1.6593519449234009,20260718174851965051,16048,a83eeac3ae77c09a166e363c7b475dd1ef4a1765662acc5440260313f637429d,255d4808fcb2adbcab5c035082fac266e8ee2729,evaluated
filtered,6,per_channel,core_mlp;attention;embeddings,dense,,alien-encounters,1.6106979846954346,20260719070035561998,16219,501b12683bf307e67e956efd87c905cc3c49b339dca76a49e4dc598a005e0c44,1d8a749f8cb5ca7367d3197e0d1bc276d7a0a817,evaluated
gram,6,per_tensor,core_mlp;aux_modules;attention;embeddings,all_on,1;1;1;1;1,core,1.6907304525375366,20260718174851965051,16048,a83eeac3ae77c09a166e363c7b475dd1ef4a1765662acc5440260313f637429d,1d8a749f8cb5ca7367d3197e0d1bc276d7a0a817,evaluated
gram,6,per_channel,aux_modules,all_on,1;1;1;1;1,cultural-traditions,1.7048171758651733,20260718174851965051,16048,a83eeac3ae77c09a166e363c7b475dd1ef4a1765662acc5440260313f637429d,255d4808fcb2adbcab5c035082fac266e8ee2729,evaluated
gram,,fp32,,leave_out__a-deadline-or-time-limit,1;0;1;1;1,cultural-traditions,1.7036503553390503,20260718174851965051,16048,a83eeac3ae77c09a166e363c7b475dd1ef4a1765662acc5440260313f637429d,255d4808fcb2adbcab5c035082fac266e8ee2729,phase2_reuse
gram,6,per_channel,core_mlp;aux_modules;attention;embeddings,leave_out__alien-encounters,1;1;0;1;1,a-deadline-or-time-limit,1.725899577140808,20260718174851965051,16048,a83eeac3ae77c09a166e363c7b475dd1ef4a1765662acc5440260313f637429d,255d4808fcb2adbcab5c035082fac266e8ee2729,evaluated
gram,8,per_channel,aux_modules,leave_out__a-deadline-or-time-limit,1;0;1;1;1,alien-encounters,1.609947919845581,20260718174851965051,16048,a83eeac3ae77c09a166e363c7b475dd1ef4a1765662acc5440260313f637429d,255d4808fcb2adbcab5c035082fac266e8ee2729,evaluated
gram,,fp32,,leave_out__alien-encounters,1;1;0;1;1,cultural-traditions,1.7032573223114014,20260718174851965051,16048,a83eeac3ae77c09a166e363c7b475dd1ef4a1765662acc5440260313f637429d,255d4808fcb2adbcab5c035082fac266e8ee2729,phase2_reuse
gram,8,per_channel,core_mlp;aux_modules;attention;embeddings,leave_out__cultural-traditions,1;1;1;1;0,cultural-traditions,1.7243582010269165,20260718174851965051,16048,a83eeac3ae77c09a166e363c7b475dd1ef4a1765662acc5440260313f637429d,255d4808fcb2adbcab5c035082fac266e8ee2729,evaluated
gram,4,per_channel,core_mlp;aux_modules;attention;embeddings,all_on,1;1;1;1;1,bygone-eras,1.7619110345840454,20260718174851965051,16048,a83eeac3ae77c09a166e363c7b475dd1ef4a1765662acc5440260313f637429d,255d4808fcb2adbcab5c035082fac266e8ee2729,evaluated
gram,6,per_channel,core_mlp;aux_modules;attention;embeddings,leave_out__bygone-eras,1;1;1;0;1,a-deadline-or-time-limit,1.7267855405807495,20260718174851965051,16048,a83eeac3ae77c09a166e363c7b475dd1ef4a1765662acc5440260313f637429d,255d4808fcb2adbcab5c035082fac266e8ee2729,evaluated
gram,4,per_tensor,core_mlp;aux_modules;attention;embeddings,all_on,1;1;1;1;1,alien-encounters,4.552384853363037,20260718174851965051,16048,a83eeac3ae77c09a166e363c7b475dd1ef4a1765662acc5440260313f637429d,1d8a749f8cb5ca7367d3197e0d1bc276d7a0a817,evaluated
gram,8,per_channel,core_mlp;aux_modules;attention;embeddings,leave_out__alien-encounters,1;1;0;1;1,alien-encounters,1.7022217512130737,20260718174851965051,16048,a83eeac3ae77c09a166e363c7b475dd1ef4a1765662acc5440260313f637429d,255d4808fcb2adbcab5c035082fac266e8ee2729,evaluated
gram,8,per_channel,aux_modules,all_on,1;1;1;1;1,core,1.6506603956222534,20260718174851965051,16048,a83eeac3ae77c09a166e363c7b475dd1ef4a1765662acc5440260313f637429d,255d4808fcb2adbcab5c035082fac266e8ee2729,evaluated
filtered,,fp32,,dense,,core,1.6324659585952759,20260719070035561998,16219,501b12683bf307e67e956efd87c905cc3c49b339dca76a49e4dc598a005e0c44,1d8a749f8cb5ca7367d3197e0d1bc276d7a0a817,phase2_reuse
gram,,fp32,,leave_out__a-deadline-or-time-limit,1;0;1;1;1,a-deadline-or-time-limit,1.838192105293274,20260718174851965051,16048,a83eeac3ae77c09a166e363c7b475dd1ef4a1765662acc5440260313f637429d,255d4808fcb2adbcab5c035082fac266e8ee2729,phase2_reuse
filtered,8,per_channel,core_mlp;attention;embeddings,dense,,a-deadline-or-time-limit,1.8137212991714478,20260719070035561998,16219,501b12683bf307e67e956efd87c905cc3c49b339dca76a49e4dc598a005e0c44,1d8a749f8cb5ca7367d3197e0d1bc276d7a0a817,evaluated
gram,4,per_channel,core_mlp,all_on,1;1;1;1;1,bygone-eras,1.6974515914916992,20260718174851965051,16048,a83eeac3ae77c09a166e363c7b475dd1ef4a1765662acc5440260313f637429d,255d4808fcb2adbcab5c035082fac266e8ee2729,evaluated
gram,4,per_channel,core_mlp;aux_modules;attention;embeddings,leave_out__bygone-eras,1;1;1;0;1,cultural-traditions,1.7974005937576294,20260718174851965051,16048,a83eeac3ae77c09a166e363c7b475dd1ef4a1765662acc5440260313f637429d,255d4808fcb2adbcab5c035082fac266e8ee2729,evaluated
gram,6,per_channel,core_mlp,all_on,1;1;1;1;1,core,1.6517720222473145,20260718174851965051,16048,a83eeac3ae77c09a166e363c7b475dd1ef4a1765662acc5440260313f637429d,255d4808fcb2adbcab5c035082fac266e8ee2729,evaluated
gram,8,per_channel,attention,all_on,1;1;1;1;1,core,1.6506837606430054,20260718174851965051,16048,a83eeac3ae77c09a166e363c7b475dd1ef4a1765662acc5440260313f637429d,255d4808fcb2adbcab5c035082fac266e8ee2729,evaluated
gram,6,per_tensor,core_mlp;aux_modules;attention;embeddings,leave_out__a-deadline-or-time-limit,1;0;1;1;1,bygone-eras,1.7092760801315308,20260718174851965051,16048,a83eeac3ae77c09a166e363c7b475dd1ef4a1765662acc5440260313f637429d,1d8a749f8cb5ca7367d3197e0d1bc276d7a0a817,evaluated
baseline,6,per_channel,core_mlp;attention;embeddings,dense,,alien-encounters,1.610917091369629,20260719012010132266,16571,7a64a49450867b7ce6d8497452ac2de908fe1521c3f2d55c9b13b1707182c037,255d4808fcb2adbcab5c035082fac266e8ee2729,evaluated
gram,8,per_channel,core_mlp,leave_out__a-deadline-or-time-limit,1;0;1;1;1,cultural-traditions,1.7037190198898315,20260718174851965051,16048,a83eeac3ae77c09a166e363c7b475dd1ef4a1765662acc5440260313f637429d,255d4808fcb2adbcab5c035082fac266e8ee2729,evaluated
gram,4,per_channel,aux_modules,leave_out__a-deadline-or-time-limit,1;0;1;1;1,core,1.6475136280059814,20260718174851965051,16048,a83eeac3ae77c09a166e363c7b475dd1ef4a1765662acc5440260313f637429d,255d4808fcb2adbcab5c035082fac266e8ee2729,evaluated
gram,6,per_tensor,core_mlp;aux_modules;attention;embeddings,leave_out__a-deadline-or-time-limit,1;0;1;1;1,cultural-traditions,1.743094801902771,20260718174851965051,16048,a83eeac3ae77c09a166e363c7b475dd1ef4a1765662acc5440260313f637429d,1d8a749f8cb5ca7367d3197e0d1bc276d7a0a817,evaluated
gram,4,per_channel,attention,all_on,1;1;1;1;1,core,1.66305673122406,20260718174851965051,16048,a83eeac3ae77c09a166e363c7b475dd1ef4a1765662acc5440260313f637429d,255d4808fcb2adbcab5c035082fac266e8ee2729,evaluated
gram,8,per_channel,embeddings,leave_out__a-deadline-or-time-limit,1;0;1;1;1,a-deadline-or-time-limit,1.8383301496505737,20260718174851965051,16048,a83eeac3ae77c09a166e363c7b475dd1ef4a1765662acc5440260313f637429d,255d4808fcb2adbcab5c035082fac266e8ee2729,evaluated
gram,4,per_channel,core_mlp;aux_modules;attention;embeddings,leave_out__cultural-traditions,1;1;1;1;0,a-deadline-or-time-limit,1.8151720762252808,20260718174851965051,16048,a83eeac3ae77c09a166e363c7b475dd1ef4a1765662acc5440260313f637429d,255d4808fcb2adbcab5c035082fac266e8ee2729,evaluated
baseline,4,per_channel,core_mlp;attention;embeddings,dense,,alien-encounters,1.6972613334655762,20260719012010132266,16571,7a64a49450867b7ce6d8497452ac2de908fe1521c3f2d55c9b13b1707182c037,255d4808fcb2adbcab5c035082fac266e8ee2729,evaluated
gram,6,per_channel,core_mlp;aux_modules;attention;embeddings,leave_out__a-deadline-or-time-limit,1;0;1;1;1,cultural-traditions,1.7065441608428955,20260718174851965051,16048,a83eeac3ae77c09a166e363c7b475dd1ef4a1765662acc5440260313f637429d,255d4808fcb2adbcab5c035082fac266e8ee2729,evaluated
baseline,,fp32,,dense,,cultural-traditions,1.6883955001831055,20260719012010132266,16571,7a64a49450867b7ce6d8497452ac2de908fe1521c3f2d55c9b13b1707182c037,255d4808fcb2adbcab5c035082fac266e8ee2729,phase2_reuse
gram,4,per_channel,aux_modules,leave_out__a-deadline-or-time-limit,1;0;1;1;1,cultural-traditions,1.7036280632019043,20260718174851965051,16048,a83eeac3ae77c09a166e363c7b475dd1ef4a1765662acc5440260313f637429d,255d4808fcb2adbcab5c035082fac266e8ee2729,evaluated
gram,8,per_channel,embeddings,all_on,1;1;1;1;1,core,1.6507359743118286,20260718174851965051,16048,a83eeac3ae77c09a166e363c7b475dd1ef4a1765662acc5440260313f637429d,255d4808fcb2adbcab5c035082fac266e8ee2729,evaluated
gram,4,per_tensor,core_mlp;aux_modules;attention;embeddings,all_on,1;1;1;1;1,core,4.581221103668213,20260718174851965051,16048,a83eeac3ae77c09a166e363c7b475dd1ef4a1765662acc5440260313f637429d,1d8a749f8cb5ca7367d3197e0d1bc276d7a0a817,evaluated
gram,6,per_channel,core_mlp;aux_modules;attention;embeddings,leave_out__cultural-traditions,1;1;1;1;0,a-deadline-or-time-limit,1.7268973588943481,20260718174851965051,16048,a83eeac3ae77c09a166e363c7b475dd1ef4a1765662acc5440260313f637429d,255d4808fcb2adbcab5c035082fac266e8ee2729,evaluated
baseline,,fp32,,dense,,core,1.6316739320755005,20260719012010132266,16571,7a64a49450867b7ce6d8497452ac2de908fe1521c3f2d55c9b13b1707182c037,255d4808fcb2adbcab5c035082fac266e8ee2729,phase2_reuse
gram,8,per_channel,core_mlp;aux_modules;attention;embeddings,leave_out__bygone-eras,1;1;1;0;1,core,1.6488399505615234,20260718174851965051,16048,a83eeac3ae77c09a166e363c7b475dd1ef4a1765662acc5440260313f637429d,255d4808fcb2adbcab5c035082fac266e8ee2729,evaluated
gram,4,per_channel,core_mlp;aux_modules;attention;embeddings,all_on,1;1;1;1;1,core,1.7410361766815186,20260718174851965051,16048,a83eeac3ae77c09a166e363c7b475dd1ef4a1765662acc5440260313f637429d,255d4808fcb2adbcab5c035082fac266e8ee2729,evaluated
gram,6,per_channel,core_mlp;aux_modules;attention;embeddings,leave_out__alien-encounters,1;1;0;1;1,alien-encounters,1.7051273584365845,20260718174851965051,16048,a83eeac3ae77c09a166e363c7b475dd1ef4a1765662acc5440260313f637429d,255d4808fcb2adbcab5c035082fac266e8ee2729,evaluated
gram,4,per_channel,core_mlp;aux_modules;attention;embeddings,leave_out__bygone-eras,1;1;1;0;1,core,1.7388454675674438,20260718174851965051,16048,a83eeac3ae77c09a166e363c7b475dd1ef4a1765662acc5440260313f637429d,255d4808fcb2adbcab5c035082fac266e8ee2729,evaluated
gram,8,per_channel,aux_modules,all_on,1;1;1;1;1,bygone-eras,1.6712064743041992,20260718174851965051,16048,a83eeac3ae77c09a166e363c7b475dd1ef4a1765662acc5440260313f637429d,255d4808fcb2adbcab5c035082fac266e8ee2729,evaluated
gram,8,per_channel,core_mlp;aux_modules;attention;embeddings,leave_out__bygone-eras,1;1;1;0;1,alien-encounters,1.6104638576507568,20260718174851965051,16048,a83eeac3ae77c09a166e363c7b475dd1ef4a1765662acc5440260313f637429d,255d4808fcb2adbcab5c035082fac266e8ee2729,evaluated
gram,4,per_channel,embeddings,leave_out__a-deadline-or-time-limit,1;0;1;1;1,cultural-traditions,1.746579885482788,20260718174851965051,16048,a83eeac3ae77c09a166e363c7b475dd1ef4a1765662acc5440260313f637429d,255d4808fcb2adbcab5c035082fac266e8ee2729,evaluated
gram,8,per_channel,core_mlp;aux_modules;attention;embeddings,leave_out__cultural-traditions,1;1;1;1;0,bygone-eras,1.6711061000823975,20260718174851965051,16048,a83eeac3ae77c09a166e363c7b475dd1ef4a1765662acc5440260313f637429d,255d4808fcb2adbcab5c035082fac266e8ee2729,evaluated
gram,4,per_channel,core_mlp,leave_out__a-deadline-or-time-limit,1;0;1;1;1,bygone-eras,1.6951665878295898,20260718174851965051,16048,a83eeac3ae77c09a166e363c7b475dd1ef4a1765662acc5440260313f637429d,255d4808fcb2adbcab5c035082fac266e8ee2729,evaluated
gram,,fp32,,all_on,1;1;1;1;1,bygone-eras,1.6712009906768799,20260718174851965051,16048,a83eeac3ae77c09a166e363c7b475dd1ef4a1765662acc5440260313f637429d,255d4808fcb2adbcab5c035082fac266e8ee2729,phase2_reuse
gram,8,per_channel,core_mlp,leave_out__a-deadline-or-time-limit,1;0;1;1;1,a-deadline-or-time-limit,1.83834969997406,20260718174851965051,16048,a83eeac3ae77c09a166e363c7b475dd1ef4a1765662acc5440260313f637429d,255d4808fcb2adbcab5c035082fac266e8ee2729,evaluated
filtered,4,per_channel,core_mlp;attention;embeddings,dense,,a-deadline-or-time-limit,1.9015240669250488,20260719070035561998,16219,501b12683bf307e67e956efd87c905cc3c49b339dca76a49e4dc598a005e0c44,1d8a749f8cb5ca7367d3197e0d1bc276d7a0a817,evaluated
gram,4,per_channel,attention,leave_out__a-deadline-or-time-limit,1;0;1;1;1,a-deadline-or-time-limit,1.8489439487457275,20260718174851965051,16048,a83eeac3ae77c09a166e363c7b475dd1ef4a1765662acc5440260313f637429d,255d4808fcb2adbcab5c035082fac266e8ee2729,evaluated
gram,4,per_tensor,core_mlp;aux_modules;attention;embeddings,all_on,1;1;1;1;1,a-deadline-or-time-limit,4.5629425048828125,20260718174851965051,16048,a83eeac3ae77c09a166e363c7b475dd1ef4a1765662acc5440260313f637429d,1d8a749f8cb5ca7367d3197e0d1bc276d7a0a817,evaluated
gram,6,per_tensor,core_mlp;aux_modules;attention;embeddings,leave_out__a-deadline-or-time-limit,1;0;1;1;1,a-deadline-or-time-limit,1.8783259391784668,20260718174851965051,16048,a83eeac3ae77c09a166e363c7b475dd1ef4a1765662acc5440260313f637429d,1d8a749f8cb5ca7367d3197e0d1bc276d7a0a817,evaluated
gram,,fp32,,leave_out__a-deadline-or-time-limit,1;0;1;1;1,alien-encounters,1.6099382638931274,20260718174851965051,16048,a83eeac3ae77c09a166e363c7b475dd1ef4a1765662acc5440260313f637429d,255d4808fcb2adbcab5c035082fac266e8ee2729,phase2_reuse
baseline,8,per_channel,core_mlp;attention;embeddings,dense,,cultural-traditions,1.688529133796692,20260719012010132266,16571,7a64a49450867b7ce6d8497452ac2de908fe1521c3f2d55c9b13b1707182c037,255d4808fcb2adbcab5c035082fac266e8ee2729,evaluated
gram,,fp32,,leave_out__bygone-eras,1;1;1;0;1,core,1.6486620903015137,20260718174851965051,16048,a83eeac3ae77c09a166e363c7b475dd1ef4a1765662acc5440260313f637429d,255d4808fcb2adbcab5c035082fac266e8ee2729,phase2_reuse
gram,6,per_channel,core_mlp;aux_modules;attention;embeddings,leave_out__cultural-traditions,1;1;1;1;0,cultural-traditions,1.727131962776184,20260718174851965051,16048,a83eeac3ae77c09a166e363c7b475dd1ef4a1765662acc5440260313f637429d,255d4808fcb2adbcab5c035082fac266e8ee2729,evaluated
gram,4,per_tensor,core_mlp;aux_modules;attention;embeddings,leave_out__a-deadline-or-time-limit,1;0;1;1;1,cultural-traditions,4.467528820037842,20260718174851965051,16048,a83eeac3ae77c09a166e363c7b475dd1ef4a1765662acc5440260313f637429d,1d8a749f8cb5ca7367d3197e0d1bc276d7a0a817,evaluated
gram,4,per_channel,core_mlp,leave_out__a-deadline-or-time-limit,1;0;1;1;1,alien-encounters,1.6351187229156494,20260718174851965051,16048,a83eeac3ae77c09a166e363c7b475dd1ef4a1765662acc5440260313f637429d,255d4808fcb2adbcab5c035082fac266e8ee2729,evaluated
gram,4,per_channel,embeddings,all_on,1;1;1;1;1,bygone-eras,1.7121593952178955,20260718174851965051,16048,a83eeac3ae77c09a166e363c7b475dd1ef4a1765662acc5440260313f637429d,255d4808fcb2adbcab5c035082fac266e8ee2729,evaluated
gram,8,per_tensor,core_mlp;aux_modules;attention;embeddings,all_on,1;1;1;1;1,core,1.6530030965805054,20260718174851965051,16048,a83eeac3ae77c09a166e363c7b475dd1ef4a1765662acc5440260313f637429d,1d8a749f8cb5ca7367d3197e0d1bc276d7a0a817,evaluated
filtered,4,per_channel,core_mlp;attention;embeddings,dense,,core,1.7248276472091675,20260719070035561998,16219,501b12683bf307e67e956efd87c905cc3c49b339dca76a49e4dc598a005e0c44,1d8a749f8cb5ca7367d3197e0d1bc276d7a0a817,evaluated
gram,4,per_channel,embeddings,leave_out__a-deadline-or-time-limit,1;0;1;1;1,a-deadline-or-time-limit,1.8787133693695068,20260718174851965051,16048,a83eeac3ae77c09a166e363c7b475dd1ef4a1765662acc5440260313f637429d,255d4808fcb2adbcab5c035082fac266e8ee2729,evaluated
gram,4,per_channel,aux_modules,all_on,1;1;1;1;1,bygone-eras,1.6713881492614746,20260718174851965051,16048,a83eeac3ae77c09a166e363c7b475dd1ef4a1765662acc5440260313f637429d,255d4808fcb2adbcab5c035082fac266e8ee2729,evaluated
gram,4,per_tensor,core_mlp;aux_modules;attention;embeddings,all_on,1;1;1;1;1,cultural-traditions,4.500497341156006,20260718174851965051,16048,a83eeac3ae77c09a166e363c7b475dd1ef4a1765662acc5440260313f637429d,1d8a749f8cb5ca7367d3197e0d1bc276d7a0a817,evaluated
gram,6,per_channel,aux_modules,leave_out__a-deadline-or-time-limit,1;0;1;1;1,core,1.6473767757415771,20260718174851965051,16048,a83eeac3ae77c09a166e363c7b475dd1ef4a1765662acc5440260313f637429d,255d4808fcb2adbcab5c035082fac266e8ee2729,evaluated
gram,6,per_tensor,core_mlp;aux_modules;attention;embeddings,all_on,1;1;1;1;1,bygone-eras,1.7118412256240845,20260718174851965051,16048,a83eeac3ae77c09a166e363c7b475dd1ef4a1765662acc5440260313f637429d,1d8a749f8cb5ca7367d3197e0d1bc276d7a0a817,evaluated
gram,,fp32,,leave_out__cultural-traditions,1;1;1;1;0,alien-encounters,1.610348105430603,20260718174851965051,16048,a83eeac3ae77c09a166e363c7b475dd1ef4a1765662acc5440260313f637429d,255d4808fcb2adbcab5c035082fac266e8ee2729,phase2_reuse
gram,8,per_tensor,core_mlp;aux_modules;attention;embeddings,all_on,1;1;1;1;1,cultural-traditions,1.7067960500717163,20260718174851965051,16048,a83eeac3ae77c09a166e363c7b475dd1ef4a1765662acc5440260313f637429d,1d8a749f8cb5ca7367d3197e0d1bc276d7a0a817,evaluated
gram,6,per_channel,aux_modules,leave_out__a-deadline-or-time-limit,1;0;1;1;1,a-deadline-or-time-limit,1.8382296562194824,20260718174851965051,16048,a83eeac3ae77c09a166e363c7b475dd1ef4a1765662acc5440260313f637429d,255d4808fcb2adbcab5c035082fac266e8ee2729,evaluated
gram,6,per_channel,attention,leave_out__a-deadline-or-time-limit,1;0;1;1;1,bygone-eras,1.6693416833877563,20260718174851965051,16048,a83eeac3ae77c09a166e363c7b475dd1ef4a1765662acc5440260313f637429d,255d4808fcb2adbcab5c035082fac266e8ee2729,evaluated
gram,4,per_channel,core_mlp;aux_modules;attention;embeddings,all_on,1;1;1;1;1,a-deadline-or-time-limit,1.8147469758987427,20260718174851965051,16048,a83eeac3ae77c09a166e363c7b475dd1ef4a1765662acc5440260313f637429d,255d4808fcb2adbcab5c035082fac266e8ee2729,evaluated
gram,6,per_channel,attention,all_on,1;1;1;1;1,core,1.6512585878372192,20260718174851965051,16048,a83eeac3ae77c09a166e363c7b475dd1ef4a1765662acc5440260313f637429d,255d4808fcb2adbcab5c035082fac266e8ee2729,evaluated
gram,8,per_channel,core_mlp;aux_modules;attention;embeddings,all_on,1;1;1;1;1,cultural-traditions,1.7049293518066406,20260718174851965051,16048,a83eeac3ae77c09a166e363c7b475dd1ef4a1765662acc5440260313f637429d,255d4808fcb2adbcab5c035082fac266e8ee2729,evaluated
gram,4,per_channel,core_mlp;aux_modules;attention;embeddings,leave_out__a-deadline-or-time-limit,1;0;1;1;1,core,1.7373148202896118,20260718174851965051,16048,a83eeac3ae77c09a166e363c7b475dd1ef4a1765662acc5440260313f637429d,255d4808fcb2adbcab5c035082fac266e8ee2729,evaluated
gram,6,per_channel,attention,all_on,1;1;1;1;1,alien-encounters,1.6120249032974243,20260718174851965051,16048,a83eeac3ae77c09a166e363c7b475dd1ef4a1765662acc5440260313f637429d,255d4808fcb2adbcab5c035082fac266e8ee2729,evaluated
gram,8,per_channel,attention,leave_out__a-deadline-or-time-limit,1;0;1;1;1,a-deadline-or-time-limit,1.8383231163024902,20260718174851965051,16048,a83eeac3ae77c09a166e363c7b475dd1ef4a1765662acc5440260313f637429d,255d4808fcb2adbcab5c035082fac266e8ee2729,evaluated
gram,8,per_channel,attention,leave_out__a-deadline-or-time-limit,1;0;1;1;1,core,1.6473723649978638,20260718174851965051,16048,a83eeac3ae77c09a166e363c7b475dd1ef4a1765662acc5440260313f637429d,255d4808fcb2adbcab5c035082fac266e8ee2729,evaluated
gram,8,per_channel,core_mlp;aux_modules;attention;embeddings,leave_out__a-deadline-or-time-limit,1;0;1;1;1,cultural-traditions,1.7038019895553589,20260718174851965051,16048,a83eeac3ae77c09a166e363c7b475dd1ef4a1765662acc5440260313f637429d,255d4808fcb2adbcab5c035082fac266e8ee2729,evaluated
gram,4,per_channel,core_mlp;aux_modules;attention;embeddings,leave_out__a-deadline-or-time-limit,1;0;1;1;1,a-deadline-or-time-limit,1.9266088008880615,20260718174851965051,16048,a83eeac3ae77c09a166e363c7b475dd1ef4a1765662acc5440260313f637429d,255d4808fcb2adbcab5c035082fac266e8ee2729,evaluated
baseline,8,per_channel,core_mlp;attention;embeddings,dense,,core,1.6318546533584595,20260719012010132266,16571,7a64a49450867b7ce6d8497452ac2de908fe1521c3f2d55c9b13b1707182c037,255d4808fcb2adbcab5c035082fac266e8ee2729,evaluated
gram,6,per_channel,core_mlp;aux_modules;attention;embeddings,all_on,1;1;1;1;1,alien-encounters,1.6141542196273804,20260718174851965051,16048,a83eeac3ae77c09a166e363c7b475dd1ef4a1765662acc5440260313f637429d,255d4808fcb2adbcab5c035082fac266e8ee2729,evaluated
gram,4,per_channel,core_mlp;aux_modules;attention;embeddings,leave_out__alien-encounters,1;1;0;1;1,a-deadline-or-time-limit,1.8130711317062378,20260718174851965051,16048,a83eeac3ae77c09a166e363c7b475dd1ef4a1765662acc5440260313f637429d,255d4808fcb2adbcab5c035082fac266e8ee2729,evaluated
gram,4,per_channel,aux_modules,leave_out__a-deadline-or-time-limit,1;0;1;1;1,alien-encounters,1.6103798151016235,20260718174851965051,16048,a83eeac3ae77c09a166e363c7b475dd1ef4a1765662acc5440260313f637429d,255d4808fcb2adbcab5c035082fac266e8ee2729,evaluated
gram,4,per_channel,core_mlp;aux_modules;attention;embeddings,leave_out__cultural-traditions,1;1;1;1;0,bygone-eras,1.7621831893920898,20260718174851965051,16048,a83eeac3ae77c09a166e363c7b475dd1ef4a1765662acc5440260313f637429d,255d4808fcb2adbcab5c035082fac266e8ee2729,evaluated
baseline,8,per_channel,core_mlp;attention;embeddings,dense,,bygone-eras,1.6522091627120972,20260719012010132266,16571,7a64a49450867b7ce6d8497452ac2de908fe1521c3f2d55c9b13b1707182c037,255d4808fcb2adbcab5c035082fac266e8ee2729,evaluated
gram,8,per_channel,core_mlp;aux_modules;attention;embeddings,all_on,1;1;1;1;1,core,1.6508307456970215,20260718174851965051,16048,a83eeac3ae77c09a166e363c7b475dd1ef4a1765662acc5440260313f637429d,255d4808fcb2adbcab5c035082fac266e8ee2729,evaluated
gram,,fp32,,leave_out__bygone-eras,1;1;1;0;1,bygone-eras,1.6754800081253052,20260718174851965051,16048,a83eeac3ae77c09a166e363c7b475dd1ef4a1765662acc5440260313f637429d,255d4808fcb2adbcab5c035082fac266e8ee2729,phase2_reuse
baseline,6,per_channel,core_mlp;attention;embeddings,dense,,core,1.634527325630188,20260719012010132266,16571,7a64a49450867b7ce6d8497452ac2de908fe1521c3f2d55c9b13b1707182c037,255d4808fcb2adbcab5c035082fac266e8ee2729,evaluated
gram,4,per_channel,embeddings,all_on,1;1;1;1;1,a-deadline-or-time-limit,1.765007734298706,20260718174851965051,16048,a83eeac3ae77c09a166e363c7b475dd1ef4a1765662acc5440260313f637429d,255d4808fcb2adbcab5c035082fac266e8ee2729,evaluated
gram,6,per_channel,attention,leave_out__a-deadline-or-time-limit,1;0;1;1;1,alien-encounters,1.6101659536361694,20260718174851965051,16048,a83eeac3ae77c09a166e363c7b475dd1ef4a1765662acc5440260313f637429d,255d4808fcb2adbcab5c035082fac266e8ee2729,evaluated
filtered,6,per_channel,core_mlp;attention;embeddings,dense,,cultural-traditions,1.694840908050537,20260719070035561998,16219,501b12683bf307e67e956efd87c905cc3c49b339dca76a49e4dc598a005e0c44,1d8a749f8cb5ca7367d3197e0d1bc276d7a0a817,evaluated
filtered,4,per_channel,core_mlp;attention;embeddings,dense,,alien-encounters,1.704043984413147,20260719070035561998,16219,501b12683bf307e67e956efd87c905cc3c49b339dca76a49e4dc598a005e0c44,1d8a749f8cb5ca7367d3197e0d1bc276d7a0a817,evaluated
baseline,8,per_channel,core_mlp;attention;embeddings,dense,,alien-encounters,1.608135461807251,20260719012010132266,16571,7a64a49450867b7ce6d8497452ac2de908fe1521c3f2d55c9b13b1707182c037,255d4808fcb2adbcab5c035082fac266e8ee2729,evaluated
baseline,,fp32,,dense,,alien-encounters,1.607942819595337,20260719012010132266,16571,7a64a49450867b7ce6d8497452ac2de908fe1521c3f2d55c9b13b1707182c037,255d4808fcb2adbcab5c035082fac266e8ee2729,phase2_reuse
gram,4,per_channel,embeddings,leave_out__a-deadline-or-time-limit,1;0;1;1;1,core,1.6881980895996094,20260718174851965051,16048,a83eeac3ae77c09a166e363c7b475dd1ef4a1765662acc5440260313f637429d,255d4808fcb2adbcab5c035082fac266e8ee2729,evaluated
gram,6,per_channel,core_mlp,leave_out__a-deadline-or-time-limit,1;0;1;1;1,cultural-traditions,1.7050529718399048,20260718174851965051,16048,a83eeac3ae77c09a166e363c7b475dd1ef4a1765662acc5440260313f637429d,255d4808fcb2adbcab5c035082fac266e8ee2729,evaluated
gram,8,per_channel,attention,all_on,1;1;1;1;1,a-deadline-or-time-limit,1.724159598350525,20260718174851965051,16048,a83eeac3ae77c09a166e363c7b475dd1ef4a1765662acc5440260313f637429d,255d4808fcb2adbcab5c035082fac266e8ee2729,evaluated
gram,8,per_channel,core_mlp;aux_modules;attention;embeddings,leave_out__cultural-traditions,1;1;1;1;0,core,1.6482651233673096,20260718174851965051,16048,a83eeac3ae77c09a166e363c7b475dd1ef4a1765662acc5440260313f637429d,255d4808fcb2adbcab5c035082fac266e8ee2729,evaluated
