method,model_size,num_params,seed,aux,titration,data_label,label_class,loss,compute_ratio,source
grmoe,800M,806509504,seed_1,code-lisp,0.0,code-lisp,aux,1.457891583442688,0.09021647659328003,titration/grmoe/800M/seed_1/20260626041527967972/stats.jsonl
grmoe,800M,806509504,seed_1,code-lisp,0.0,core,core,1.8751837015151978,0.9931986983275238,titration/grmoe/800M/seed_1/20260626041527967972/stats.jsonl
grmoe,800M,806509504,seed_1,code-lisp,0.25,code-lisp,aux,1.2309942245483398,0.17400418911864426,titration/grmoe/800M/seed_1/20260626041527967972/stats.jsonl
grmoe,800M,806509504,seed_1,code-lisp,0.25,core,core,1.8752107620239258,0.9930508428764953,titration/grmoe/800M/seed_1/20260626041527967972/stats.jsonl
grmoe,800M,806509504,seed_1,code-lisp,0.5,code-lisp,aux,0.9973121285438538,0.40792748320060224,titration/grmoe/800M/seed_1/20260626041527967972/stats.jsonl
grmoe,800M,806509504,seed_1,code-lisp,0.5,core,core,1.8755712509155273,0.9910834951944019,titration/grmoe/800M/seed_1/20260626041527967972/stats.jsonl
grmoe,800M,806509504,seed_1,code-lisp,0.75,code-lisp,aux,0.8593517541885376,0.7539912639242787,titration/grmoe/800M/seed_1/20260626041527967972/stats.jsonl
grmoe,800M,806509504,seed_1,code-lisp,0.75,core,core,1.8763601779937744,0.9867929990618367,titration/grmoe/800M/seed_1/20260626041527967972/stats.jsonl
grmoe,800M,806509504,seed_1,code-lisp,1.0,code-lisp,aux,0.8216471076011658,0.9083001408814315,titration/grmoe/800M/seed_1/20260626041527967972/stats.jsonl
grmoe,800M,806509504,seed_1,code-lisp,1.0,core,core,1.8775817155838013,0.9801902858071663,titration/grmoe/800M/seed_1/20260626041527967972/stats.jsonl
grmoe,800M,806509504,seed_1,papers-biology,0.0,core,core,1.8751837015151978,0.9931986983275238,titration/grmoe/800M/seed_1/20260626041527967972/stats.jsonl
grmoe,800M,806509504,seed_1,papers-biology,0.0,papers-biology,aux,2.4535155296325684,0.6929661557370856,titration/grmoe/800M/seed_1/20260626041527967972/stats.jsonl
grmoe,800M,806509504,seed_1,papers-biology,0.25,core,core,1.874979019165039,0.9943178479216515,titration/grmoe/800M/seed_1/20260626041527967972/stats.jsonl
grmoe,800M,806509504,seed_1,papers-biology,0.25,papers-biology,aux,2.420163631439209,0.789585647266982,titration/grmoe/800M/seed_1/20260626041527967972/stats.jsonl
grmoe,800M,806509504,seed_1,papers-biology,0.5,core,core,1.8751611709594727,0.9933218212281544,titration/grmoe/800M/seed_1/20260626041527967972/stats.jsonl
grmoe,800M,806509504,seed_1,papers-biology,0.5,papers-biology,aux,2.3941779136657715,0.875339828329777,titration/grmoe/800M/seed_1/20260626041527967972/stats.jsonl
grmoe,800M,806509504,seed_1,papers-biology,0.75,core,core,1.8758107423782349,0.989778868408962,titration/grmoe/800M/seed_1/20260626041527967972/stats.jsonl
grmoe,800M,806509504,seed_1,papers-biology,0.75,papers-biology,aux,2.3766369819641113,0.9390923092307182,titration/grmoe/800M/seed_1/20260626041527967972/stats.jsonl
grmoe,800M,806509504,seed_1,papers-biology,1.0,core,core,1.8768221139907837,0.9842903515197661,titration/grmoe/800M/seed_1/20260626041527967972/stats.jsonl
grmoe,800M,806509504,seed_1,papers-biology,1.0,papers-biology,aux,2.3663876056671143,0.9787310771674762,titration/grmoe/800M/seed_1/20260626041527967972/stats.jsonl
grmoe,800M,806509504,seed_1,papers-cyber,0.0,core,core,1.8751837015151978,0.9931986983275238,titration/grmoe/800M/seed_1/20260626041527967972/stats.jsonl
grmoe,800M,806509504,seed_1,papers-cyber,0.0,papers-cyber,aux,2.7008743286132812,0.7768093290389866,titration/grmoe/800M/seed_1/20260626041527967972/stats.jsonl
grmoe,800M,806509504,seed_1,papers-cyber,0.25,core,core,1.8743149042129517,0.9979586737108584,titration/grmoe/800M/seed_1/20260626041527967972/stats.jsonl
grmoe,800M,806509504,seed_1,papers-cyber,0.25,papers-cyber,aux,2.676971673965454,0.8574052270054491,titration/grmoe/800M/seed_1/20260626041527967972/stats.jsonl
grmoe,800M,806509504,seed_1,papers-cyber,0.5,core,core,1.8741962909698486,0.9986104890125123,titration/grmoe/800M/seed_1/20260626041527967972/stats.jsonl
grmoe,800M,806509504,seed_1,papers-cyber,0.5,papers-cyber,aux,2.658705472946167,0.925210828120731,titration/grmoe/800M/seed_1/20260626041527967972/stats.jsonl
grmoe,800M,806509504,seed_1,papers-cyber,0.75,core,core,1.8748527765274048,0.9950088053004416,titration/grmoe/800M/seed_1/20260626041527967972/stats.jsonl
grmoe,800M,806509504,seed_1,papers-cyber,0.75,papers-cyber,aux,2.645256757736206,0.9789048251357316,titration/grmoe/800M/seed_1/20260626041527967972/stats.jsonl
grmoe,800M,806509504,seed_1,papers-cyber,1.0,core,core,1.8761463165283203,0.9879540278907,titration/grmoe/800M/seed_1/20260626041527967972/stats.jsonl
grmoe,800M,806509504,seed_1,papers-cyber,1.0,papers-cyber,aux,2.637407064437866,1.011823025866082,titration/grmoe/800M/seed_1/20260626041527967972/stats.jsonl
grmoe,800M,806509504,seed_1,papers-nuclear,0.0,core,core,1.8751837015151978,0.9931986983275238,titration/grmoe/800M/seed_1/20260626041527967972/stats.jsonl
grmoe,800M,806509504,seed_1,papers-nuclear,0.0,papers-nuclear,aux,2.831324338912964,0.6242426804371419,titration/grmoe/800M/seed_1/20260626041527967972/stats.jsonl
grmoe,800M,806509504,seed_1,papers-nuclear,0.25,core,core,1.8746930360794067,0.9958838660319584,titration/grmoe/800M/seed_1/20260626041527967972/stats.jsonl
grmoe,800M,806509504,seed_1,papers-nuclear,0.25,papers-nuclear,aux,2.7877604961395264,0.7453433979504003,titration/grmoe/800M/seed_1/20260626041527967972/stats.jsonl
grmoe,800M,806509504,seed_1,papers-nuclear,0.5,core,core,1.875362753868103,0.9922208296482637,titration/grmoe/800M/seed_1/20260626041527967972/stats.jsonl
grmoe,800M,806509504,seed_1,papers-nuclear,0.5,papers-nuclear,aux,2.752157688140869,0.8636248246116299,titration/grmoe/800M/seed_1/20260626041527967972/stats.jsonl
grmoe,800M,806509504,seed_1,papers-nuclear,0.75,core,core,1.8769259452819824,0.9837287881684652,titration/grmoe/800M/seed_1/20260626041527967972/stats.jsonl
grmoe,800M,806509504,seed_1,papers-nuclear,0.75,papers-nuclear,aux,2.726283550262451,0.9625090781655403,titration/grmoe/800M/seed_1/20260626041527967972/stats.jsonl
grmoe,800M,806509504,seed_1,papers-nuclear,1.0,core,core,1.8798719644546509,0.9679422742310166,titration/grmoe/800M/seed_1/20260626041527967972/stats.jsonl
grmoe,800M,806509504,seed_1,papers-nuclear,1.0,papers-nuclear,aux,2.7113466262817383,1.0252074481419151,titration/grmoe/800M/seed_1/20260626041527967972/stats.jsonl
grmoe,800M,806509504,seed_2,code-lisp,0.0,code-lisp,aux,1.6703590154647827,0.05496132487848671,titration/grmoe/800M/seed_2/20260626041640262537/stats.jsonl
grmoe,800M,806509504,seed_2,code-lisp,0.0,core,core,1.880037784576416,0.9670620830517959,titration/grmoe/800M/seed_2/20260626041640262537/stats.jsonl
grmoe,800M,806509504,seed_2,code-lisp,0.25,code-lisp,aux,1.257598638534546,0.15985797725759107,titration/grmoe/800M/seed_2/20260626041640262537/stats.jsonl
grmoe,800M,806509504,seed_2,code-lisp,0.25,core,core,1.880037784576416,0.9670620830517959,titration/grmoe/800M/seed_2/20260626041640262537/stats.jsonl
grmoe,800M,806509504,seed_2,code-lisp,0.5,code-lisp,aux,0.9827985763549805,0.4332286541889376,titration/grmoe/800M/seed_2/20260626041640262537/stats.jsonl
grmoe,800M,806509504,seed_2,code-lisp,0.5,core,core,1.8804246187210083,0.9650121670699066,titration/grmoe/800M/seed_2/20260626041640262537/stats.jsonl
grmoe,800M,806509504,seed_2,code-lisp,0.75,code-lisp,aux,0.8676013946533203,0.7247197699919611,titration/grmoe/800M/seed_2/20260626041640262537/stats.jsonl
grmoe,800M,806509504,seed_2,code-lisp,0.75,core,core,1.8811841011047363,0.9610014841245057,titration/grmoe/800M/seed_2/20260626041640262537/stats.jsonl
grmoe,800M,806509504,seed_2,code-lisp,1.0,code-lisp,aux,0.8389043807983398,0.8331955146819642,titration/grmoe/800M/seed_2/20260626041640262537/stats.jsonl
grmoe,800M,806509504,seed_2,code-lisp,1.0,core,core,1.882362961769104,0.9548126358464256,titration/grmoe/800M/seed_2/20260626041640262537/stats.jsonl
grmoe,800M,806509504,seed_2,papers-biology,0.0,core,core,1.880037784576416,0.9670620830517959,titration/grmoe/800M/seed_2/20260626041640262537/stats.jsonl
grmoe,800M,806509504,seed_2,papers-biology,0.0,papers-biology,aux,2.455264091491699,0.6882783713116695,titration/grmoe/800M/seed_2/20260626041640262537/stats.jsonl
grmoe,800M,806509504,seed_2,papers-biology,0.25,core,core,1.8797192573547363,0.9687536443293177,titration/grmoe/800M/seed_2/20260626041640262537/stats.jsonl
grmoe,800M,806509504,seed_2,papers-biology,0.25,papers-biology,aux,2.4231956005096436,0.7802066924963988,titration/grmoe/800M/seed_2/20260626041640262537/stats.jsonl
grmoe,800M,806509504,seed_2,papers-biology,0.5,core,core,1.8797967433929443,0.9683418480676786,titration/grmoe/800M/seed_2/20260626041640262537/stats.jsonl
grmoe,800M,806509504,seed_2,papers-biology,0.5,papers-biology,aux,2.396967887878418,0.8656519097590059,titration/grmoe/800M/seed_2/20260626041640262537/stats.jsonl
grmoe,800M,806509504,seed_2,papers-biology,0.75,core,core,1.8802502155303955,0.9659357705547182,titration/grmoe/800M/seed_2/20260626041640262537/stats.jsonl
grmoe,800M,806509504,seed_2,papers-biology,0.75,papers-biology,aux,2.3783481121063232,0.9326506139232653,titration/grmoe/800M/seed_2/20260626041640262537/stats.jsonl
grmoe,800M,806509504,seed_2,papers-biology,1.0,core,core,1.8811089992523193,0.9613972597179256,titration/grmoe/800M/seed_2/20260626041640262537/stats.jsonl
grmoe,800M,806509504,seed_2,papers-biology,1.0,papers-biology,aux,2.3677828311920166,0.9732270573878302,titration/grmoe/800M/seed_2/20260626041640262537/stats.jsonl
grmoe,800M,806509504,seed_2,papers-cyber,0.0,core,core,1.880037784576416,0.9670620830517959,titration/grmoe/800M/seed_2/20260626041640262537/stats.jsonl
grmoe,800M,806509504,seed_2,papers-cyber,0.0,papers-cyber,aux,2.7041666507720947,0.7663782441301406,titration/grmoe/800M/seed_2/20260626041640262537/stats.jsonl
grmoe,800M,806509504,seed_2,papers-cyber,0.25,core,core,1.8789427280426025,0.9728911964653184,titration/grmoe/800M/seed_2/20260626041640262537/stats.jsonl
grmoe,800M,806509504,seed_2,papers-cyber,0.25,papers-cyber,aux,2.6790735721588135,0.8499606390525014,titration/grmoe/800M/seed_2/20260626041640262537/stats.jsonl
grmoe,800M,806509504,seed_2,papers-cyber,0.5,core,core,1.8786574602127075,0.9744160869920039,titration/grmoe/800M/seed_2/20260626041640262537/stats.jsonl
grmoe,800M,806509504,seed_2,papers-cyber,0.5,papers-cyber,aux,2.659393548965454,0.9225522019512948,titration/grmoe/800M/seed_2/20260626041640262537/stats.jsonl
grmoe,800M,806509504,seed_2,papers-cyber,0.75,core,core,1.8790364265441895,0.9723909102698559,titration/grmoe/800M/seed_2/20260626041640262537/stats.jsonl
grmoe,800M,806509504,seed_2,papers-cyber,0.75,papers-cyber,aux,2.645721673965454,0.9769924526712941,titration/grmoe/800M/seed_2/20260626041640262537/stats.jsonl
grmoe,800M,806509504,seed_2,papers-cyber,1.0,core,core,1.8802462816238403,0.9659566149954046,titration/grmoe/800M/seed_2/20260626041640262537/stats.jsonl
grmoe,800M,806509504,seed_2,papers-cyber,1.0,papers-cyber,aux,2.6372768878936768,1.0123790912873443,titration/grmoe/800M/seed_2/20260626041640262537/stats.jsonl
grmoe,800M,806509504,seed_2,papers-nuclear,0.0,core,core,1.880037784576416,0.9670620830517959,titration/grmoe/800M/seed_2/20260626041640262537/stats.jsonl
grmoe,800M,806509504,seed_2,papers-nuclear,0.0,papers-nuclear,aux,2.825688362121582,0.6386122763263556,titration/grmoe/800M/seed_2/20260626041640262537/stats.jsonl
grmoe,800M,806509504,seed_2,papers-nuclear,0.25,core,core,1.8795534372329712,0.9696355396272851,titration/grmoe/800M/seed_2/20260626041640262537/stats.jsonl
grmoe,800M,806509504,seed_2,papers-nuclear,0.25,papers-nuclear,aux,2.787351131439209,0.7465976287727817,titration/grmoe/800M/seed_2/20260626041640262537/stats.jsonl
grmoe,800M,806509504,seed_2,papers-nuclear,0.5,core,core,1.8799750804901123,0.9673948189468459,titration/grmoe/800M/seed_2/20260626041640262537/stats.jsonl
grmoe,800M,806509504,seed_2,papers-nuclear,0.5,papers-nuclear,aux,2.755375862121582,0.8521269847002522,titration/grmoe/800M/seed_2/20260626041640262537/stats.jsonl
grmoe,800M,806509504,seed_2,papers-nuclear,0.75,core,core,1.8812531232833862,0.9606379065218652,titration/grmoe/800M/seed_2/20260626041640262537/stats.jsonl
grmoe,800M,806509504,seed_2,papers-nuclear,0.75,papers-nuclear,aux,2.731714963912964,0.9407636857273654,titration/grmoe/800M/seed_2/20260626041640262537/stats.jsonl
grmoe,800M,806509504,seed_2,papers-nuclear,1.0,core,core,1.8834247589111328,0.9492760990570656,titration/grmoe/800M/seed_2/20260626041640262537/stats.jsonl
grmoe,800M,806509504,seed_2,papers-nuclear,1.0,papers-nuclear,aux,2.7164807319641113,1.0031654294958443,titration/grmoe/800M/seed_2/20260626041640262537/stats.jsonl
grmoe,800M,806509504,seed_3,code-lisp,0.0,code-lisp,aux,1.623391032218933,0.060783667695336406,titration/grmoe/800M/seed_3/20260626041846027558/stats.jsonl
grmoe,800M,806509504,seed_3,code-lisp,0.0,core,core,1.8851569890975952,0.9403198361123,titration/grmoe/800M/seed_3/20260626041846027558/stats.jsonl
grmoe,800M,806509504,seed_3,code-lisp,0.25,code-lisp,aux,1.2797619104385376,0.1492058965926759,titration/grmoe/800M/seed_3/20260626041846027558/stats.jsonl
grmoe,800M,806509504,seed_3,code-lisp,0.25,core,core,1.8852275609970093,0.9399569419741639,titration/grmoe/800M/seed_3/20260626041846027558/stats.jsonl
grmoe,800M,806509504,seed_3,code-lisp,0.5,code-lisp,aux,0.9950381517410278,0.41176565060675896,titration/grmoe/800M/seed_3/20260626041846027558/stats.jsonl
grmoe,800M,806509504,seed_3,code-lisp,0.5,core,core,1.8856507539749146,0.937784052897175,titration/grmoe/800M/seed_3/20260626041846027558/stats.jsonl
grmoe,800M,806509504,seed_3,code-lisp,0.75,code-lisp,aux,0.8676943778991699,0.7243980444952065,titration/grmoe/800M/seed_3/20260626041846027558/stats.jsonl
grmoe,800M,806509504,seed_3,code-lisp,0.75,core,core,1.886504054069519,0.933419664006408,titration/grmoe/800M/seed_3/20260626041846027558/stats.jsonl
grmoe,800M,806509504,seed_3,code-lisp,1.0,code-lisp,aux,0.8388044238090515,0.8336076670586725,titration/grmoe/800M/seed_3/20260626041846027558/stats.jsonl
grmoe,800M,806509504,seed_3,code-lisp,1.0,core,core,1.8880215883255005,0.9257133533673702,titration/grmoe/800M/seed_3/20260626041846027558/stats.jsonl
grmoe,800M,806509504,seed_3,papers-biology,0.0,core,core,1.8851569890975952,0.9403198361123,titration/grmoe/800M/seed_3/20260626041846027558/stats.jsonl
grmoe,800M,806509504,seed_3,papers-biology,0.0,papers-biology,aux,2.4479167461395264,0.7082182153458285,titration/grmoe/800M/seed_3/20260626041846027558/stats.jsonl
grmoe,800M,806509504,seed_3,papers-biology,0.25,core,core,1.8849174976348877,0.9415525035234634,titration/grmoe/800M/seed_3/20260626041846027558/stats.jsonl
grmoe,800M,806509504,seed_3,papers-biology,0.25,papers-biology,aux,2.4151227474212646,0.8054590079859005,titration/grmoe/800M/seed_3/20260626041846027558/stats.jsonl
grmoe,800M,806509504,seed_3,papers-biology,0.5,core,core,1.8851135969161987,0.9405430439662807,titration/grmoe/800M/seed_3/20260626041846027558/stats.jsonl
grmoe,800M,806509504,seed_3,papers-biology,0.5,papers-biology,aux,2.3895461559295654,0.8916914783075578,titration/grmoe/800M/seed_3/20260626041846027558/stats.jsonl
grmoe,800M,806509504,seed_3,papers-biology,0.75,core,core,1.8857258558273315,0.9373990228785866,titration/grmoe/800M/seed_3/20260626041846027558/stats.jsonl
grmoe,800M,806509504,seed_3,papers-biology,0.75,papers-biology,aux,2.3710379600524902,0.9605195634786722,titration/grmoe/800M/seed_3/20260626041846027558/stats.jsonl
grmoe,800M,806509504,seed_3,papers-biology,1.0,core,core,1.8867707252502441,0.9320603317907703,titration/grmoe/800M/seed_3/20260626041846027558/stats.jsonl
grmoe,800M,806509504,seed_3,papers-biology,1.0,papers-biology,aux,2.360323667526245,1.0030591438847816,titration/grmoe/800M/seed_3/20260626041846027558/stats.jsonl
grmoe,800M,806509504,seed_3,papers-cyber,0.0,core,core,1.8851569890975952,0.9403198361123,titration/grmoe/800M/seed_3/20260626041846027558/stats.jsonl
grmoe,800M,806509504,seed_3,papers-cyber,0.0,papers-cyber,aux,2.7103235721588135,0.747283366854725,titration/grmoe/800M/seed_3/20260626041846027558/stats.jsonl
grmoe,800M,806509504,seed_3,papers-cyber,0.25,core,core,1.8840641975402832,0.9459590190438327,titration/grmoe/800M/seed_3/20260626041846027558/stats.jsonl
grmoe,800M,806509504,seed_3,papers-cyber,0.25,papers-cyber,aux,2.684561014175415,0.8308584670072147,titration/grmoe/800M/seed_3/20260626041846027558/stats.jsonl
grmoe,800M,806509504,seed_3,papers-cyber,0.5,core,core,1.883875846862793,0.9469347508831089,titration/grmoe/800M/seed_3/20260626041846027558/stats.jsonl
grmoe,800M,806509504,seed_3,papers-cyber,0.5,papers-cyber,aux,2.6644158363342285,0.9033995872149528,titration/grmoe/800M/seed_3/20260626041846027558/stats.jsonl
grmoe,800M,806509504,seed_3,papers-cyber,0.75,core,core,1.884441614151001,0.9440071976675095,titration/grmoe/800M/seed_3/20260626041846027558/stats.jsonl
grmoe,800M,806509504,seed_3,papers-cyber,0.75,papers-cyber,aux,2.6500186920166016,0.9595104704844843,titration/grmoe/800M/seed_3/20260626041846027558/stats.jsonl
grmoe,800M,806509504,seed_3,papers-cyber,1.0,core,core,1.885995626449585,0.9360174132894873,titration/grmoe/800M/seed_3/20260626041846027558/stats.jsonl
grmoe,800M,806509504,seed_3,papers-cyber,1.0,papers-cyber,aux,2.641815423965454,0.993189004732903,titration/grmoe/800M/seed_3/20260626041846027558/stats.jsonl
grmoe,800M,806509504,seed_3,papers-nuclear,0.0,core,core,1.8851569890975952,0.9403198361123,titration/grmoe/800M/seed_3/20260626041846027558/stats.jsonl
grmoe,800M,806509504,seed_3,papers-nuclear,0.0,papers-nuclear,aux,2.826953172683716,0.635356015984549,titration/grmoe/800M/seed_3/20260626041846027558/stats.jsonl
grmoe,800M,806509504,seed_3,papers-nuclear,0.25,core,core,1.8849283456802368,0.9414966297520254,titration/grmoe/800M/seed_3/20260626041846027558/stats.jsonl
grmoe,800M,806509504,seed_3,papers-nuclear,0.25,papers-nuclear,aux,2.784226179122925,0.7562488987028084,titration/grmoe/800M/seed_3/20260626041846027558/stats.jsonl
grmoe,800M,806509504,seed_3,papers-nuclear,0.5,core,core,1.885450005531311,0.9388141039815999,titration/grmoe/800M/seed_3/20260626041846027558/stats.jsonl
grmoe,800M,806509504,seed_3,papers-nuclear,0.5,papers-nuclear,aux,2.751469612121582,0.8661052242541921,titration/grmoe/800M/seed_3/20260626041846027558/stats.jsonl
grmoe,800M,806509504,seed_3,papers-nuclear,0.75,core,core,1.886798620223999,0.9319182663499446,titration/grmoe/800M/seed_3/20260626041846027558/stats.jsonl
grmoe,800M,806509504,seed_3,papers-nuclear,0.75,papers-nuclear,aux,2.7295758724212646,0.9492627962885701,titration/grmoe/800M/seed_3/20260626041846027558/stats.jsonl
grmoe,800M,806509504,seed_3,papers-nuclear,1.0,core,core,1.8889881372451782,0.9208417782726089,titration/grmoe/800M/seed_3/20260626041846027558/stats.jsonl
grmoe,800M,806509504,seed_3,papers-nuclear,1.0,papers-nuclear,aux,2.717819929122925,0.9975017529093704,titration/grmoe/800M/seed_3/20260626041846027558/stats.jsonl
lora,800M,806509504,seed_1,code-lisp,0.0,code-lisp,aux,1.3801804780960083,0.11116204993501497,titration/lora/800M/seed_1/20260626061518958831/stats.jsonl
lora,800M,806509504,seed_1,code-lisp,0.0,core,core,1.8711650371551514,1.0154290099578094,titration/lora/800M/seed_1/20260626061518958831/stats.jsonl
lora,800M,806509504,seed_1,code-lisp,0.25,code-lisp,aux,1.1556733846664429,0.2240116107259484,titration/lora/800M/seed_1/20260626061518958831/stats.jsonl
lora,800M,806509504,seed_1,code-lisp,0.25,core,core,1.8717161417007446,1.0123481155589353,titration/lora/800M/seed_1/20260626061518958831/stats.jsonl
lora,800M,806509504,seed_1,code-lisp,0.5,code-lisp,aux,0.9479585289955139,0.5025779257047083,titration/lora/800M/seed_1/20260626061518958831/stats.jsonl
lora,800M,806509504,seed_1,code-lisp,0.5,core,core,1.8737281560897827,1.0011876322123778,titration/lora/800M/seed_1/20260626061518958831/stats.jsonl
lora,800M,806509504,seed_1,code-lisp,0.75,code-lisp,aux,0.8296270370483398,0.8725613322769561,titration/lora/800M/seed_1/20260626061518958831/stats.jsonl
lora,800M,806509504,seed_1,code-lisp,0.75,core,core,1.8775359392166138,0.980436834895429,titration/lora/800M/seed_1/20260626061518958831/stats.jsonl
lora,800M,806509504,seed_1,code-lisp,1.0,code-lisp,aux,0.7997186779975891,1.0163864617840135,titration/lora/800M/seed_1/20260626061518958831/stats.jsonl
lora,800M,806509504,seed_1,code-lisp,1.0,core,core,1.8835844993591309,0.948446242671376,titration/lora/800M/seed_1/20260626061518958831/stats.jsonl
lora,800M,806509504,seed_1,papers-biology,0.0,core,core,1.8711650371551514,1.0154290099578094,titration/lora/800M/seed_1/20260626061518958831/stats.jsonl
lora,800M,806509504,seed_1,papers-biology,0.0,papers-biology,aux,2.469977617263794,0.6502089545091455,titration/lora/800M/seed_1/20260626061518958831/stats.jsonl
lora,800M,806509504,seed_1,papers-biology,0.25,core,core,1.871006965637207,1.0163146058982315,titration/lora/800M/seed_1/20260626061518958831/stats.jsonl
lora,800M,806509504,seed_1,papers-biology,0.25,papers-biology,aux,2.4317336082458496,0.7544577297621572,titration/lora/800M/seed_1/20260626061518958831/stats.jsonl
lora,800M,806509504,seed_1,papers-biology,0.5,core,core,1.8720028400421143,1.0107494474576186,titration/lora/800M/seed_1/20260626061518958831/stats.jsonl
lora,800M,806509504,seed_1,papers-biology,0.5,papers-biology,aux,2.402566909790039,0.8465687976949678,titration/lora/800M/seed_1/20260626061518958831/stats.jsonl
lora,800M,806509504,seed_1,papers-biology,0.75,core,core,1.8741343021392822,0.9989513235977001,titration/lora/800M/seed_1/20260626061518958831/stats.jsonl
lora,800M,806509504,seed_1,papers-biology,0.75,papers-biology,aux,2.3829798698425293,0.9154598088437615,titration/lora/800M/seed_1/20260626061518958831/stats.jsonl
lora,800M,806509504,seed_1,papers-biology,1.0,core,core,1.877746820449829,0.979301609547687,titration/lora/800M/seed_1/20260626061518958831/stats.jsonl
lora,800M,806509504,seed_1,papers-biology,1.0,papers-biology,aux,2.372321367263794,0.9555602799641564,titration/lora/800M/seed_1/20260626061518958831/stats.jsonl
lora,800M,806509504,seed_1,papers-cyber,0.0,core,core,1.8711650371551514,1.0154290099578094,titration/lora/800M/seed_1/20260626061518958831/stats.jsonl
lora,800M,806509504,seed_1,papers-cyber,0.0,papers-cyber,aux,2.7067151069641113,0.7584100191195553,titration/lora/800M/seed_1/20260626061518958831/stats.jsonl
lora,800M,806509504,seed_1,papers-cyber,0.25,core,core,1.8698652982711792,1.0227362261528663,titration/lora/800M/seed_1/20260626061518958831/stats.jsonl
lora,800M,806509504,seed_1,papers-cyber,0.25,papers-cyber,aux,2.6822917461395264,0.8386999832705413,titration/lora/800M/seed_1/20260626061518958831/stats.jsonl
lora,800M,806509504,seed_1,papers-cyber,0.5,core,core,1.8697909116744995,1.0231561886754534,titration/lora/800M/seed_1/20260626061518958831/stats.jsonl
lora,800M,806509504,seed_1,papers-cyber,0.5,papers-cyber,aux,2.662592887878418,0.9103003708796945,titration/lora/800M/seed_1/20260626061518958831/stats.jsonl
lora,800M,806509504,seed_1,papers-cyber,0.75,core,core,1.871105432510376,1.0157628447842364,titration/lora/800M/seed_1/20260626061518958831/stats.jsonl
lora,800M,806509504,seed_1,papers-cyber,0.75,papers-cyber,aux,2.6483445167541504,0.966280426614478,titration/lora/800M/seed_1/20260626061518958831/stats.jsonl
lora,800M,806509504,seed_1,papers-cyber,1.0,core,core,1.8740195035934448,0.999582862959176,titration/lora/800M/seed_1/20260626061518958831/stats.jsonl
lora,800M,806509504,seed_1,papers-cyber,1.0,papers-cyber,aux,2.6390624046325684,1.0047812449652953,titration/lora/800M/seed_1/20260626061518958831/stats.jsonl
lora,800M,806509504,seed_1,papers-nuclear,0.0,core,core,1.8711650371551514,1.0154290099578094,titration/lora/800M/seed_1/20260626061518958831/stats.jsonl
lora,800M,806509504,seed_1,papers-nuclear,0.0,papers-nuclear,aux,2.842280387878418,0.5973188471915106,titration/lora/800M/seed_1/20260626061518958831/stats.jsonl
lora,800M,806509504,seed_1,papers-nuclear,0.25,core,core,1.8707294464111328,1.0178714752914735,titration/lora/800M/seed_1/20260626061518958831/stats.jsonl
lora,800M,806509504,seed_1,papers-nuclear,0.25,papers-nuclear,aux,2.7960751056671143,0.7203641025118743,titration/lora/800M/seed_1/20260626061518958831/stats.jsonl
lora,800M,806509504,seed_1,papers-nuclear,0.5,core,core,1.8721641302108765,1.0098512996769922,titration/lora/800M/seed_1/20260626061518958831/stats.jsonl
lora,800M,806509504,seed_1,papers-nuclear,0.5,papers-nuclear,aux,2.758835554122925,0.8399535294815237,titration/lora/800M/seed_1/20260626061518958831/stats.jsonl
lora,800M,806509504,seed_1,papers-nuclear,0.75,core,core,1.8756115436553955,0.9908638679273625,titration/lora/800M/seed_1/20260626061518958831/stats.jsonl
lora,800M,806509504,seed_1,papers-nuclear,0.75,papers-nuclear,aux,2.732849597930908,0.9362894455828191,titration/lora/800M/seed_1/20260626061518958831/stats.jsonl
lora,800M,806509504,seed_1,papers-nuclear,1.0,core,core,1.8813011646270752,0.9603849363228592,titration/lora/800M/seed_1/20260626061518958831/stats.jsonl
lora,800M,806509504,seed_1,papers-nuclear,1.0,papers-nuclear,aux,2.7183408737182617,0.9953080791399831,titration/lora/800M/seed_1/20260626061518958831/stats.jsonl
lora,800M,806509504,seed_2,code-lisp,0.0,code-lisp,aux,1.415392518043518,0.10092976893881944,titration/lora/800M/seed_2/20260626061527914017/stats.jsonl
lora,800M,806509504,seed_2,code-lisp,0.0,core,core,1.8782962560653687,0.9763506888029907,titration/lora/800M/seed_2/20260626061527914017/stats.jsonl
lora,800M,806509504,seed_2,code-lisp,0.25,code-lisp,aux,1.1830915212631226,0.2038784353295466,titration/lora/800M/seed_2/20260626061527914017/stats.jsonl
lora,800M,806509504,seed_2,code-lisp,0.25,core,core,1.8787156343460083,0.9741049043635365,titration/lora/800M/seed_2/20260626061527914017/stats.jsonl
lora,800M,806509504,seed_2,code-lisp,0.5,code-lisp,aux,0.9738606810569763,0.44980212148509974,titration/lora/800M/seed_2/20260626061527914017/stats.jsonl
lora,800M,806509504,seed_2,code-lisp,0.5,core,core,1.8809330463409424,0.9623252120067449,titration/lora/800M/seed_2/20260626061527914017/stats.jsonl
lora,800M,806509504,seed_2,code-lisp,0.75,code-lisp,aux,0.8501697182655334,0.7883358595083729,titration/lora/800M/seed_2/20260626061527914017/stats.jsonl
lora,800M,806509504,seed_2,code-lisp,0.75,core,core,1.8850624561309814,0.9408061856686437,titration/lora/800M/seed_2/20260626061527914017/stats.jsonl
lora,800M,806509504,seed_2,code-lisp,1.0,code-lisp,aux,0.8191847801208496,0.9196961905185022,titration/lora/800M/seed_2/20260626061527914017/stats.jsonl
lora,800M,806509504,seed_2,code-lisp,1.0,core,core,1.891013264656067,0.9107265629610842,titration/lora/800M/seed_2/20260626061527914017/stats.jsonl
lora,800M,806509504,seed_2,papers-biology,0.0,core,core,1.8782962560653687,0.9763506888029907,titration/lora/800M/seed_2/20260626061527914017/stats.jsonl
lora,800M,806509504,seed_2,papers-biology,0.0,papers-biology,aux,2.469475507736206,0.6514685553165822,titration/lora/800M/seed_2/20260626061527914017/stats.jsonl
lora,800M,806509504,seed_2,papers-biology,0.25,core,core,1.878176212310791,0.9769945813580264,titration/lora/800M/seed_2/20260626061527914017/stats.jsonl
lora,800M,806509504,seed_2,papers-biology,0.25,papers-biology,aux,2.4320311546325684,0.753577677012116,titration/lora/800M/seed_2/20260626061527914017/stats.jsonl
lora,800M,806509504,seed_2,papers-biology,0.5,core,core,1.8792798519134521,0.9710925146308472,titration/lora/800M/seed_2/20260626061527914017/stats.jsonl
lora,800M,806509504,seed_2,papers-biology,0.5,papers-biology,aux,2.402864694595337,0.8455670913437769,titration/lora/800M/seed_2/20260626061527914017/stats.jsonl
lora,800M,806509504,seed_2,papers-biology,0.75,core,core,1.8819003105163574,0.957236213528323,titration/lora/800M/seed_2/20260626061527914017/stats.jsonl
lora,800M,806509504,seed_2,papers-biology,0.75,papers-biology,aux,2.3834264278411865,0.9138211726267704,titration/lora/800M/seed_2/20260626061527914017/stats.jsonl
lora,800M,806509504,seed_2,papers-biology,1.0,core,core,1.8860653638839722,0.9356606251662819,titration/lora/800M/seed_2/20260626061527914017/stats.jsonl
lora,800M,806509504,seed_2,papers-biology,1.0,papers-biology,aux,2.372581958770752,0.9545568045663748,titration/lora/800M/seed_2/20260626061527914017/stats.jsonl
lora,800M,806509504,seed_2,papers-cyber,0.0,core,core,1.8782962560653687,0.9763506888029907,titration/lora/800M/seed_2/20260626061527914017/stats.jsonl
lora,800M,806509504,seed_2,papers-cyber,0.0,papers-cyber,aux,2.712127923965454,0.7417873186098908,titration/lora/800M/seed_2/20260626061527914017/stats.jsonl
lora,800M,806509504,seed_2,papers-cyber,0.25,core,core,1.876962423324585,0.9835315837113509,titration/lora/800M/seed_2/20260626061527914017/stats.jsonl
lora,800M,806509504,seed_2,papers-cyber,0.25,papers-cyber,aux,2.6871094703674316,0.8221483814162349,titration/lora/800M/seed_2/20260626061527914017/stats.jsonl
lora,800M,806509504,seed_2,papers-cyber,0.5,core,core,1.8769190311431885,0.9837661717232978,titration/lora/800M/seed_2/20260626061527914017/stats.jsonl
lora,800M,806509504,seed_2,papers-cyber,0.5,papers-cyber,aux,2.6668899059295654,0.8941259302115896,titration/lora/800M/seed_2/20260626061527914017/stats.jsonl
lora,800M,806509504,seed_2,papers-cyber,0.75,core,core,1.8783637285232544,0.97598898514529,titration/lora/800M/seed_2/20260626061527914017/stats.jsonl
lora,800M,806509504,seed_2,papers-cyber,0.75,papers-cyber,aux,2.651860237121582,0.9521239216578695,titration/lora/800M/seed_2/20260626061527914017/stats.jsonl
lora,800M,806509504,seed_2,papers-cyber,1.0,core,core,1.8811856508255005,0.9609933192256549,titration/lora/800M/seed_2/20260626061527914017/stats.jsonl
lora,800M,806509504,seed_2,papers-cyber,1.0,papers-cyber,aux,2.641889810562134,0.9928778299472351,titration/lora/800M/seed_2/20260626061527914017/stats.jsonl
lora,800M,806509504,seed_2,papers-nuclear,0.0,core,core,1.8782962560653687,0.9763506888029907,titration/lora/800M/seed_2/20260626061527914017/stats.jsonl
lora,800M,806509504,seed_2,papers-nuclear,0.0,papers-nuclear,aux,2.8441219329833984,0.592920484688088,titration/lora/800M/seed_2/20260626061527914017/stats.jsonl
lora,800M,806509504,seed_2,papers-nuclear,0.25,core,core,1.8780033588409424,0.977922561097248,titration/lora/800M/seed_2/20260626061527914017/stats.jsonl
lora,800M,806509504,seed_2,papers-nuclear,0.25,papers-nuclear,aux,2.7975075244903564,0.7161545310385372,titration/lora/800M/seed_2/20260626061527914017/stats.jsonl
lora,800M,806509504,seed_2,papers-nuclear,0.5,core,core,1.8797130584716797,0.9687865964016356,titration/lora/800M/seed_2/20260626061527914017/stats.jsonl
lora,800M,806509504,seed_2,papers-nuclear,0.5,papers-nuclear,aux,2.760267972946167,0.8349693951064356,titration/lora/800M/seed_2/20260626061527914017/stats.jsonl
lora,800M,806509504,seed_2,papers-nuclear,0.75,core,core,1.8837875127792358,0.9473927404841412,titration/lora/800M/seed_2/20260626061527914017/stats.jsonl
lora,800M,806509504,seed_2,papers-nuclear,0.75,papers-nuclear,aux,2.7351934909820557,0.927120470983539,titration/lora/800M/seed_2/20260626061527914017/stats.jsonl
lora,800M,806509504,seed_2,papers-nuclear,1.0,core,core,1.8900127410888672,0.9157085697931407,titration/lora/800M/seed_2/20260626061527914017/stats.jsonl
lora,800M,806509504,seed_2,papers-nuclear,1.0,papers-nuclear,aux,2.720982074737549,0.9842672265936632,titration/lora/800M/seed_2/20260626061527914017/stats.jsonl
lora,800M,806509504,seed_3,code-lisp,0.0,code-lisp,aux,1.4283249378204346,0.09749336097199744,titration/lora/800M/seed_3/20260626061525847278/stats.jsonl
lora,800M,806509504,seed_3,code-lisp,0.0,core,core,1.8822095394134521,0.9556155784220346,titration/lora/800M/seed_3/20260626061525847278/stats.jsonl
lora,800M,806509504,seed_3,code-lisp,0.25,code-lisp,aux,1.1840401887893677,0.20322461171551368,titration/lora/800M/seed_3/20260626061525847278/stats.jsonl
lora,800M,806509504,seed_3,code-lisp,0.25,core,core,1.882821798324585,0.9524157475204572,titration/lora/800M/seed_3/20260626061525847278/stats.jsonl
lora,800M,806509504,seed_3,code-lisp,0.5,code-lisp,aux,0.9611467719078064,0.47478378307086744,titration/lora/800M/seed_3/20260626061525847278/stats.jsonl
lora,800M,806509504,seed_3,code-lisp,0.5,core,core,1.8850717544555664,0.9407583356614714,titration/lora/800M/seed_3/20260626061525847278/stats.jsonl
lora,800M,806509504,seed_3,code-lisp,0.75,code-lisp,aux,0.8389369249343872,0.8330613805963145,titration/lora/800M/seed_3/20260626061525847278/stats.jsonl
lora,800M,806509504,seed_3,code-lisp,0.75,core,core,1.889502763748169,0.9182595564305067,titration/lora/800M/seed_3/20260626061525847278/stats.jsonl
lora,800M,806509504,seed_3,code-lisp,1.0,code-lisp,aux,0.810430645942688,0.9616879162630744,titration/lora/800M/seed_3/20260626061525847278/stats.jsonl
lora,800M,806509504,seed_3,code-lisp,1.0,core,core,1.8967068195343018,0.8829413324236415,titration/lora/800M/seed_3/20260626061525847278/stats.jsonl
lora,800M,806509504,seed_3,papers-biology,0.0,core,core,1.8822095394134521,0.9556155784220346,titration/lora/800M/seed_3/20260626061525847278/stats.jsonl
lora,800M,806509504,seed_3,papers-biology,0.0,papers-biology,aux,2.470963478088379,0.6477437364713496,titration/lora/800M/seed_3/20260626061525847278/stats.jsonl
lora,800M,806509504,seed_3,papers-biology,0.25,core,core,1.8820630311965942,0.9563830332098462,titration/lora/800M/seed_3/20260626061525847278/stats.jsonl
lora,800M,806509504,seed_3,papers-biology,0.25,papers-biology,aux,2.434542417526245,0.7461956669158314,titration/lora/800M/seed_3/20260626061525847278/stats.jsonl
lora,800M,806509504,seed_3,papers-biology,0.5,core,core,1.8829504251480103,0.9517450174459862,titration/lora/800M/seed_3/20260626061525847278/stats.jsonl
lora,800M,806509504,seed_3,papers-biology,0.5,papers-biology,aux,2.4063801765441895,0.8338409880302172,titration/lora/800M/seed_3/20260626061525847278/stats.jsonl
lora,800M,806509504,seed_3,papers-biology,0.75,core,core,1.8848927021026611,0.941680228785289,titration/lora/800M/seed_3/20260626061525847278/stats.jsonl
lora,800M,806509504,seed_3,papers-biology,0.75,papers-biology,aux,2.386923313140869,0.9011019508814733,titration/lora/800M/seed_3/20260626061525847278/stats.jsonl
lora,800M,806509504,seed_3,papers-biology,1.0,core,core,1.8878998756408691,0.926328826790035,titration/lora/800M/seed_3/20260626061525847278/stats.jsonl
lora,800M,806509504,seed_3,papers-biology,1.0,papers-biology,aux,2.3759114742279053,0.9418385095959666,titration/lora/800M/seed_3/20260626061525847278/stats.jsonl
lora,800M,806509504,seed_3,papers-cyber,0.0,core,core,1.8822095394134521,0.9556155784220346,titration/lora/800M/seed_3/20260626061525847278/stats.jsonl
lora,800M,806509504,seed_3,papers-cyber,0.0,papers-cyber,aux,2.709691286087036,0.7492199267693327,titration/lora/800M/seed_3/20260626061525847278/stats.jsonl
lora,800M,806509504,seed_3,papers-cyber,0.25,core,core,1.880879521369934,0.9626076922056229,titration/lora/800M/seed_3/20260626061525847278/stats.jsonl
lora,800M,806509504,seed_3,papers-cyber,0.25,papers-cyber,aux,2.68558406829834,0.8273497258581174,titration/lora/800M/seed_3/20260626061525847278/stats.jsonl
lora,800M,806509504,seed_3,papers-cyber,0.5,core,core,1.8809082508087158,0.9624560600229747,titration/lora/800M/seed_3/20260626061525847278/stats.jsonl
lora,800M,806509504,seed_3,papers-cyber,0.5,papers-cyber,aux,2.66597843170166,0.8975301968847844,titration/lora/800M/seed_3/20260626061525847278/stats.jsonl
lora,800M,806509504,seed_3,papers-cyber,0.75,core,core,1.8821715116500854,0.9558147139381256,titration/lora/800M/seed_3/20260626061525847278/stats.jsonl
lora,800M,806509504,seed_3,papers-cyber,0.75,papers-cyber,aux,2.6520090103149414,0.9515299203382422,titration/lora/800M/seed_3/20260626061525847278/stats.jsonl
lora,800M,806509504,seed_3,papers-cyber,1.0,core,core,1.884881854057312,0.9417361146185634,titration/lora/800M/seed_3/20260626061525847278/stats.jsonl
lora,800M,806509504,seed_3,papers-cyber,1.0,papers-cyber,aux,2.642838478088379,0.9889187433939086,titration/lora/800M/seed_3/20260626061525847278/stats.jsonl
lora,800M,806509504,seed_3,papers-nuclear,0.0,core,core,1.8822095394134521,0.9556155784220346,titration/lora/800M/seed_3/20260626061525847278/stats.jsonl
lora,800M,806509504,seed_3,papers-nuclear,0.0,papers-nuclear,aux,2.845982074737549,0.5885139858392632,titration/lora/800M/seed_3/20260626061525847278/stats.jsonl
lora,800M,806509504,seed_3,papers-nuclear,0.25,core,core,1.8818258047103882,0.9576271449966741,titration/lora/800M/seed_3/20260626061525847278/stats.jsonl
lora,800M,806509504,seed_3,papers-nuclear,0.25,papers-nuclear,aux,2.7933778762817383,0.7283648271682023,titration/lora/800M/seed_3/20260626061525847278/stats.jsonl
lora,800M,806509504,seed_3,papers-nuclear,0.5,core,core,1.8838828802108765,0.9468982953095458,titration/lora/800M/seed_3/20260626061525847278/stats.jsonl
lora,800M,806509504,seed_3,papers-nuclear,0.5,papers-nuclear,aux,2.7528460025787354,0.8611513710185288,titration/lora/800M/seed_3/20260626061525847278/stats.jsonl
lora,800M,806509504,seed_3,papers-nuclear,0.75,core,core,1.8887183666229248,0.9221986073778106,titration/lora/800M/seed_3/20260626061525847278/stats.jsonl
lora,800M,806509504,seed_3,papers-nuclear,0.75,papers-nuclear,aux,2.7251675128936768,0.9670452524037177,titration/lora/800M/seed_3/20260626061525847278/stats.jsonl
lora,800M,806509504,seed_3,papers-nuclear,1.0,core,core,1.8967370986938477,0.8827960993813674,titration/lora/800M/seed_3/20260626061525847278/stats.jsonl
lora,800M,806509504,seed_3,papers-nuclear,1.0,papers-nuclear,aux,2.711179256439209,1.0259348929939234,titration/lora/800M/seed_3/20260626061525847278/stats.jsonl
